...1,...2,Date:,Region:,...5,District:,...7,Municipality:,...9,...10,Neighbourhood:,What type of market/shop is this?,Trader name:,Does this shop normally sell salt?,Is salt currently available in this shop?,Is it sold by 1 kilo?...16,"If it is sold by a quantity different than 1 kilo, write the quantity (in kilos):...17",Price (Libyan dinar)...18,q_salt_price_per_kilo,Brand:...20,Does this shop normally sell sugar?,Is sugar currently available in this shop?,Is it sold by 1 kilo?...23,"If it is sold by a quantity different than 1 kilo, write the quantity (in kilos):...24",Price (Libyan dinar)...25,q_sugar_price_per_kilo,Brand:...27,Does this shop normally sell wheat flour?,Is wheat flour currently available in this shop?,Is it sold by 1 kilo?...30,"If it is sold by a quantity different than 1 kilo, write the quantity (in kilos):...31",Price (Libyan dinar)...32,q_flour_price_per_kilo,Brand:...34,Does this shop normally sell rice?,Is rice currently available in this shop?,Is it sold by 1 kilo?...37,"If it is sold by a quantity different than 1 kilo, write the quantity (in kilos):...38",Price (Libyan dinar)...39,q_rice_price_per_kilo,Brand:...41,Does this shop normally sell pasta?,Is pasta currently available in this shop?,Is it sold by 500g?,"If it is sold by a quantity different than 500g, write here the quantity (in grams):",Price (Libyan dinar)...46,q_pasta_price_per_500g,Brand:...48,Does this shop normally sell couscous?,Is couscous currently available in this shop?,Is it sold by 1 kilo?...51,"If it is sold by a quantity different than 1 kilo, write here the quantity (in kilos):",Price (Libyan dinar)...53,q_couscous_price_per_kilo,Brand:...55,Does this shop normally sell tomato paste?,Is tomato paste currently available in this shop?,Is it sold by 400g?...58,"If it is sold by a quantity different than 400g, write the quantity (in grams):",Price (Libyan dinar)...60,q_tomatop_price_per_400g,Brand:...62,Does this shop normally sell chickpeas?,Is chickpeas currently available in this shop?,Is it sold by cans of 400g?,"If it is sold by a quantity different than 400g, write here the quantity (in grams):...66",Price (Libyan dinar)...67,q_chickpeas_price_per_400g,Brand:...69,Does this shop normally sell canned beans?,Are beans currently available in this shop?,Are they sold by cans of 400g?,"If it is sold by a quantity different than 400g, write here the quantity (in grams):...73",Price (Libyan dinar)...74,q_beans_price_per_400g,Brand:...76,Does this shop normally sell condensed milk?,Is condensed milk currently available in this shop?,Is it sold by cans of 200ml?,"If it is sold by a quantity different than 200ml, write here the quantity (in ml):",Price (Libyan dinar)...81,q_cmilk_price_per_200ml,Brand:...83,Does this shop normally sell milk?,Is milk currently available in this shop?,Is it sold by cartons of 1 liter?,"If it is sold by a quantity different than 1 liter, write here the quantity (in liters):",Price (Libyan dinar)...88,q_milk_price_per_liter,Brand:...90,Does this shop normally sell baby milk?,Is baby milk currently available in this shop?,Is it sold by 400g?...93,"If it is sold by a quantity different than 400g, write here the quantity (in grams):...94",Price (Libyan dinar)...95,q_babymilk_price_per_400g,Brand:...97,Does this shop normally sell green tea?,Is green tea currently available in this shop?,Is it sold by bags of 250g?...100,"If it is sold by a quantity different than 250g, write here the quantity (in grams):...101",Price (Libyan dinar)...102,q_gtea_price_per_250g,Brand:...104,Does this shop normally sell black tea?,Is black tea currently available in this shop?,Is it sold by bags of 250g?...107,"If it is sold by a quantity different than 250g, write here the quantity (in grams):...108",Price (Libyan dinar)...109,q_btea_price_per_250g,Brand:...111,Does this shop normally sell vegetable oil?,Is vegetable oil currently available in this shop?,Is it sold by 1 liter?...114,"If it is sold by a quantity different than 1 liter, write the quantity (in liters):",Price (Libyan dinar)...116,q_oil_price_per_liter,Brand...118,Does this shop normally sell canned tuna?,Is canned tuna currently available in this shop?,Is it sold by cans of 200g?,"If it is sold by a quantity different than 200g, write here the quantity (in grams):",Price (Libyan dinar)...123,q_tuna_price_per_200g,Brand:...125,Does this shop normally sell eggs?,Are eggs currently available in this shop?,Is it sold by 30 eggs?,"If it is sold by a quantity different than 30 eggs, write here the quantity (number of eggs):",Price (Libyan dinar)...130,q_eggs_price_per_30eggs,Brand:...132,Does this shop normally sell chicken meat?,Is chicken meat currently available in this shop?,Is it sold by 1 kilo?...135,"If it is sold by a quantity different than 1 kilo, write the quantity (in kilos):...136",Price (Libyan dinar)...137,q_chicken_price_per_kilo,Brand...139,Does this shop normally sell lamb meat?,Is lamb meat currently available in this shop?,Is it sold by 1 kilo?...142,"If it is sold by a quantity different than 1 kilo, write the quantity (in kilos):...143",Price (Libyan dinar)...144,q_lamb_price_per_kilo,Brand...146,Does this shop normally sell wheat bread?,Is wheat bread currently available in this shop?,Is it sold by 5 medium pieces?,"If it is sold by a quantity different than 5 medium pieces, write the quantity (in medium pieces):",Price (Libyan dinar)...151,q_bread_price_per_5medium_pieces,Does this shop normally sell fresh tomatoes?,Are fresh tomatoes currently available in this shop?,Are they sold by 1 kilo?...155,"If they are sold by a quantity different than 1 kilo, write the quantity (in kilos):...156",Price (Libyan dinar)...157,q_tomatoes_price_per_kilo,Does this shop normally sell fresh onions?,Are fresh onions currently available in this shop?,Are they sold by 1 kilo?...161,"If they are sold by a quantity different than 1 kilo, write the quantity (in kilos):...162",Price (Libyan dinar)...163,q_onions_price_per_kilo,Does this shop normally sell peppers?,Are peppers currently available in this shop?,Are they sold by 1 kilo?...167,"If they are sold by a quantity different than 1 kilo, write the quantity (in kilos):...168",Price (Libyan dinar)...169,q_pepper_price_per_kilo,Does this shop normally sell potatoes?,Are potatoes currently available in this shop?,Are they sold by 1 kilo?...173,"Are they sold by a quantity different than 1 kilo, write the quantity (in kilos):",Price (Libyan dinar)...175,q_potatoes_price_per_kilo,Does this shop normally sell hand washing soap?,Is hand washing soap currently available in this shop?,Is it sold by 1 bar?,"If it is sold by a quantity different than 1 bar, write the quantity (in bars):",Price (Libyan dinar)...181,q_hwsoap_price_per_piece,Brand...183,Does this shop normally sell laundry soap (powder)?,Is laundry soap currently available in this shop?,Is it sold by 1 kilo?...186,"If it is sold by a quantity different than 1 kilo, write the quantity (in kilos):...187",Price (Libyan dinar)...188,q_lsoap_price_per_kilo,Brand...190,Does this shop normally sell shampoo?,Is shampoo currently available in this shop?,Is it sold by 250 ml?,"If it is sold by a quantity different than 250 ml, write the quantity (in ml)",Price (Libyan dinar)...195,q_shampoo_price_per_250ml,Brand...197,Does this shop normally sell dishwashing liquid?,Is dishwashing liquid currently available in this shop?,Is it sold by 1 liter?...200,"If it is sold by a quantity different than 1 liter, write the quantity (in liters)",Price (Libyan dinar)...202,q_dsoap_price_per_liter,Brand...204,Does this shop normally sell toothpaste?,Is toothpaste currently available in this shop?,Is it sold by tubes of 100ml?,"If it is sold by a quantity different than 100ml, write the quantity (in ml)",Price (Libyan dinar)...209,q_toothpaste_price_per_tube,Brand...211,Does this shop normally sell toothbrushes?,Are toothbrushes currently available in this shop?,Is it sold by 1 brush?,"If it is sold by a quantity different than 1 brush, write the quantity (in brushes)",Price (Libyan dinar)...216,q_toothbrush_price_per_brush,Brand...218,Does this shop normally sell sanitary pads?,Are sanitary pads currently available in this shop?,Is it sold by packs of 10 pads?,"If it is sold by a quantity different than 10 pads per pack, write the quantity (number of pads):",Price (Libyan dinar)...223,q_spads_price_per_10pads,Brand...225,Does this shop normally sell baby diapers?,Are baby diapers currently available in this shop?,Is it sold by packs of 30 diapers?,"If it is sold by a quantity different than 30 diapers per pack, write the quantity (number of diapers):",Price (Libyan dinar)...230,q_diapers_price_per_30diapers,Brand...232,__version__,_id,_uuid,_submission_time,_index
start,end,q_date,q_region,region,q_district,district,q_municipality,municipality,city,q_neighbourhood,q_shop_type,q_trader,q_sell_salt,q_salt_available_in_shop,q_salt_quantity1,q_salt_quantity2,q_salt_price,q_salt_price_per_kilo,q_salt_brand,q_sell_sugar,q_sugar_available_in_shop,q_sugar_quantity1,q_sugar_quantity2,q_sugar_price,q_sugar_price_per_kilo,q_sugar_brand,q_sell_flour,q_flour_available_in_shop,q_flour_quantity1,q_flour_quantity2,q_flour_price,q_flour_price_per_kilo,q_flour_brand,q_sell_rice,q_rice_available_in_shop,q_rice_quantity1,q_rice_quantity2,q_rice_price,q_rice_price_per_kilo,q_rice_brand,q_sell_pasta,q_pasta_available_in_shop,q_pasta_quantity1,q_pasta_quantity2,q_pasta_price,q_pasta_price_per_500g,q_pasta_brand,q_sell_couscous,q_couscous_available_in_shop,q_couscous_quantity1,q_couscous_quantity2,q_couscous_price,q_couscous_price_per_kilo,q_couscous_brand,q_sell_tomatop,q_tomatop_available_in_shop,q_tomatop_quantity1,q_tomatop_quantity2,q_tomatop_price,q_tomatop_price_per_400g,q_tomatop_brand,q_sell_chickpeas,q_chickpeas_available_in_shop,q_chickpeas_quantity1,q_chickpeas_quantity2,q_chickpeas_price,q_chickpeas_price_per_400g,q_chickpeas_brand,q_sell_beans,q_beans_available_in_shop,q_beans_quantity1,q_beans_quantity2,q_beans_price,q_beans_price_per_400g,q_beans_brand,q_sell_cmilk,q_cmilk_available_in_shop,q_cmilk_quantity1,q_cmilk_quantity2,q_cmilk_price,q_cmilk_price_per_200ml,q_cmilk_brand,q_sell_milk,q_milk_available_in_shop,q_milk_quantity1,q_milk_quantity2,q_milk_price,q_milk_price_per_liter,q_milk_brand,q_sell_babymilk,q_babymilk_available_in_shop,q_babymilk_quantity1,q_babymilk_quantity2,q_babymilk_price,q_babymilk_price_per_400g,q_babymilk_brand,q_sell_gtea,q_gtea_available_in_shop,q_gtea_quantity1,q_gtea_quantity2,q_gtea_price,q_gtea_price_per_250g,q_gtea_brand,q_sell_btea,q_btea_available_in_shop,q_btea_quantity1,q_btea_quantity2,q_btea_price,q_btea_price_per_250g,q_btea_brand,q_sell_oil,q_oil_available_in_shop,q_oil_quantity1,q_oil_quantity2,q_oil_price,q_oil_price_per_liter,q_oil_brand,q_sell_tuna,q_tuna_available_in_shop,q_tuna_quantity1,q_tuna_quantity2,q_tuna_price,q_tuna_price_per_200g,q_tuna_brand,q_sell_eggs,q_eggs_available_in_shop,q_eggs_quantity1,q_eggs_quantity2,q_eggs_price,q_eggs_price_per_30eggs,q_eggs_brand,q_sell_chicken,q_chicken_available_in_shop,q_chicken_quantity1,q_chicken_quantity2,q_chicken_price,q_chicken_price_per_kilo,q_chicken_brand,q_sell_lamb,q_lamb_available_in_shop,q_lamb_quantity1,q_lamb_quantity2,q_lamb_price,q_lamb_price_per_kilo,q_lamb_brand,q_sell_bread,q_bread_available_in_shop,q_bread_quantity1,q_bread_quantity2,q_bread_price,q_bread_price_per_5medium_pieces,q_sell_tomatoes,q_tomatoes_available_in_shop,q_tomatoes_quantity1,q_tomatoes_quantity2,q_tomatoes_price,q_tomatoes_price_per_kilo,q_sell_onions,q_onions_available_in_shop,q_onions_quantity1,q_onions_quantity2,q_onions_price,q_onions_price_per_kilo,q_sell_pepper,q_pepper_available_in_shop,q_pepper_quantity1,q_pepper_quantity2,q_pepper_price,q_pepper_price_per_kilo,q_sell_potatoes,q_potatoes_available_in_shop,q_potatoes_quantity1,q_potatoes_quantity2,q_potatoes_price,q_potatoes_price_per_kilo,q_sell_hwsoap,q_hwsoap_available_in_shop,q_hwsoap_quantity1,q_hwsoap_quantity2,q_hwsoap_price,q_hwsoap_price_per_piece,q_hwsoap_brand,q_sell_lsoap,q_lsoap_available_in_shop,q_lsoap_quantity1,q_lsoap_quantity2,q_lsoap_price,q_lsoap_price_per_kilo,q_lsoap_brand,q_sell_shampoo,q_shampoo_available_in_shop,q_shampoo_quantity1,q_shampoo_quantity2,q_shampoo_price,q_shampoo_price_per_250ml,q_shampoo_brand,q_sell_dsoap,q_dsoap_available_in_shop,q_dsoap_quantity1,q_dsoap_quantity2,q_dsoap_price,q_dsoap_price_per_liter,q_dsoap_brand,q_sell_toothpaste,q_toothpaste_available_in_shop,q_toothpaste_quantity1,q_toothpaste_quantity2,q_toothpaste_price,q_toothpaste_price_per_tube,q_toothpaste_brand,q_sell_toothbrush,q_toothbrush_available_in_shop,q_toothbrush_quantity1,q_toothbrush_quantity2,q_toothbrush_price,q_toothbrush_price_per_brush,q_toothbrush_brand,q_sell_spads,q_spads_available_in_shop,q_spads_quantity1,q_spads_quantity2,q_spads_price,q_spads_price_per_10pads,q_spads_brand,q_sell_diapers,q_diapers_available_in_shop,q_diapers_quantity1,q_diapers_quantity2,q_diapers_price,q_diapers_price_per_30diapers,q_diapers_brand,__version__,_id,_uuid,_submission_time,_index
2017-08-02T11:30:10.766+02,2017-08-02T18:59:44.108+02,2017-08-02,LBY02,West,LBY0209,Al Jabal Al Gharbi,LBY020906,Ghiryan,Gharyan,Tagsat,bakery,NA,NA,NA,NA,NA,NA,NA,NA,NA,NA,NA,NA,NA,NA,NA,no,NA,NA,NA,NA,NA,NA,NA,NA,NA,NA,NA,NA,NA,NA,NA,NA,NA,NA,NA,NA,NA,NA,NA,NA,NA,NA,NA,NA,NA,NA,NA,NA,NA,NA,NA,NA,NA,NA,NA,NA,NA,NA,NA,NA,NA,NA,NA,NA,NA,NA,NA,NA,NA,NA,NA,NA,NA,NA,NA,NA,NA,NA,NA,NA,NA,NA,NA,NA,NA,NA,NA,NA,NA,NA,NA,NA,NA,NA,NA,NA,NA,NA,NA,NA,NA,NA,NA,NA,NA,NA,NA,NA,NA,NA,NA,NA,NA,NA,NA,NA,NA,NA,NA,NA,NA,NA,NA,NA,NA,NA,NA,NA,NA,NA,NA,NA,NA,NA,yes,yes,yes,NA,1.0,1,NA,NA,NA,NA,NA,NA,NA,NA,NA,NA,NA,NA,NA,NA,NA,NA,NA,NA,NA,NA,NA,NA,NA,NA,NA,NA,NA,NA,NA,NA,NA,NA,NA,NA,NA,NA,NA,NA,NA,NA,NA,NA,NA,NA,NA,NA,NA,NA,NA,NA,NA,NA,NA,NA,NA,NA,NA,NA,NA,NA,NA,NA,NA,NA,NA,NA,NA,NA,NA,NA,NA,NA,NA,NA,NA,NA,NA,NA,NA,NA,vhWnjS625dojve8hx4pZYi,11207773,37eb797b-7b2f-4cba-ab19-330c4c259964,2017-08-02T20:57:37,1
2017-08-02T11:32:17.699+02,2017-08-02T18:54:36.005+02,2017-08-02,LBY02,West,LBY0209,Al Jabal Al Gharbi,LBY020906,Ghiryan,Gharyan,Tagsat,bakery,NA,NA,NA,NA,NA,NA,NA,NA,NA,NA,NA,NA,NA,NA,NA,no,NA,NA,NA,NA,NA,NA,NA,NA,NA,NA,NA,NA,NA,NA,NA,NA,NA,NA,NA,NA,NA,NA,NA,NA,NA,NA,NA,NA,NA,NA,NA,NA,NA,NA,NA,NA,NA,NA,NA,NA,NA,NA,NA,NA,NA,NA,NA,NA,NA,NA,NA,NA,NA,NA,NA,NA,NA,NA,NA,NA,NA,NA,NA,NA,NA,NA,NA,NA,NA,NA,NA,NA,NA,NA,NA,NA,NA,NA,NA,NA,NA,NA,NA,NA,NA,NA,NA,NA,NA,NA,NA,NA,NA,NA,NA,NA,NA,NA,NA,NA,NA,NA,NA,NA,NA,NA,NA,NA,NA,NA,NA,NA,NA,NA,NA,NA,NA,NA,yes,yes,yes,NA,1.0,1,NA,NA,NA,NA,NA,NA,NA,NA,NA,NA,NA,NA,NA,NA,NA,NA,NA,NA,NA,NA,NA,NA,NA,NA,NA,NA,NA,NA,NA,NA,NA,NA,NA,NA,NA,NA,NA,NA,NA,NA,NA,NA,NA,NA,NA,NA,NA,NA,NA,NA,NA,NA,NA,NA,NA,NA,NA,NA,NA,NA,NA,NA,NA,NA,NA,NA,NA,NA,NA,NA,NA,NA,NA,NA,NA,NA,NA,NA,NA,NA,vhWnjS625dojve8hx4pZYi,11207775,54a01062-c0de-4c3d-bbb8-c261729abcf4,2017-08-02T20:57:39,2
2017-08-02T11:27:01.776+02,2017-08-02T19:52:41.844+02,2017-08-02,LBY02,West,LBY0209,Al Jabal Al Gharbi,LBY020906,Ghiryan,Gharyan,Almgarba,bakery,NA,NA,NA,NA,NA,NA,NA,NA,NA,NA,NA,NA,NA,NA,NA,yes,no,NA,NA,NA,NA,NA,NA,NA,NA,NA,NA,NA,NA,NA,NA,NA,NA,NA,NA,NA,NA,NA,NA,NA,NA,NA,NA,NA,NA,NA,NA,NA,NA,NA,NA,NA,NA,NA,NA,NA,NA,NA,NA,NA,NA,NA,NA,NA,NA,NA,NA,NA,NA,NA,NA,NA,NA,NA,NA,NA,NA,NA,NA,NA,NA,NA,NA,NA,NA,NA,NA,NA,NA,NA,NA,NA,NA,NA,NA,NA,NA,NA,NA,NA,NA,NA,NA,NA,NA,NA,NA,NA,NA,NA,NA,NA,NA,NA,NA,NA,NA,NA,NA,NA,NA,NA,NA,NA,NA,NA,NA,NA,NA,NA,NA,NA,NA,NA,yes,yes,yes,NA,1.0,1,NA,NA,NA,NA,NA,NA,NA,NA,NA,NA,NA,NA,NA,NA,NA,NA,NA,NA,NA,NA,NA,NA,NA,NA,NA,NA,NA,NA,NA,NA,NA,NA,NA,NA,NA,NA,NA,NA,NA,NA,NA,NA,NA,NA,NA,NA,NA,NA,NA,NA,NA,NA,NA,NA,NA,NA,NA,NA,NA,NA,NA,NA,NA,NA,NA,NA,NA,NA,NA,NA,NA,NA,NA,NA,NA,NA,NA,NA,NA,NA,vhWnjS625dojve8hx4pZYi,11207771,08a1349d-e2b7-4f7a-be8b-d798dacc6b01,2017-08-02T20:57:34,3
2017-08-02T11:28:39.984+02,2017-08-02T19:52:20.055+02,2017-08-02,LBY02,West,LBY0209,Al Jabal Al Gharbi,LBY020906,Ghiryan,Gharyan,Abozian,bakery,NA,NA,NA,NA,NA,NA,NA,NA,NA,NA,NA,NA,NA,NA,NA,no,NA,NA,NA,NA,NA,NA,NA,NA,NA,NA,NA,NA,NA,NA,NA,NA,NA,NA,NA,NA,NA,NA,NA,NA,NA,NA,NA,NA,NA,NA,NA,NA,NA,NA,NA,NA,NA,NA,NA,NA,NA,NA,NA,NA,NA,NA,NA,NA,NA,NA,NA,NA,NA,NA,NA,NA,NA,NA,NA,NA,NA,NA,NA,NA,NA,NA,NA,NA,NA,NA,NA,NA,NA,NA,NA,NA,NA,NA,NA,NA,NA,NA,NA,NA,NA,NA,NA,NA,NA,NA,NA,NA,NA,NA,NA,NA,NA,NA,NA,NA,NA,NA,NA,NA,NA,NA,NA,NA,NA,NA,NA,NA,NA,NA,NA,NA,NA,NA,yes,yes,yes,NA,1.0,1,NA,NA,NA,NA,NA,NA,NA,NA,NA,NA,NA,NA,NA,NA,NA,NA,NA,NA,NA,NA,NA,NA,NA,NA,NA,NA,NA,NA,NA,NA,NA,NA,NA,NA,NA,NA,NA,NA,NA,NA,NA,NA,NA,NA,NA,NA,NA,NA,NA,NA,NA,NA,NA,NA,NA,NA,NA,NA,NA,NA,NA,NA,NA,NA,NA,NA,NA,NA,NA,NA,NA,NA,NA,NA,NA,NA,NA,NA,NA,NA,vhWnjS625dojve8hx4pZYi,11207772,0159cf5f-4b51-4317-b5c4-ce42937140c2,2017-08-02T20:57:36,4
2017-08-02T11:22:51.054+02,2017-08-02T18:50:00.947+02,2017-08-02,LBY02,West,LBY0209,Al Jabal Al Gharbi,LBY020906,Ghiryan,Gharyan,Tagsat,butcher,NA,NA,NA,NA,NA,NA,NA,NA,NA,NA,NA,NA,NA,NA,NA,NA,NA,NA,NA,NA,NA,NA,NA,NA,NA,NA,NA,NA,NA,NA,NA,NA,NA,NA,NA,NA,NA,NA,NA,NA,NA,NA,NA,NA,NA,NA,NA,NA,NA,NA,NA,NA,NA,NA,NA,NA,NA,NA,NA,NA,NA,NA,NA,NA,NA,NA,NA,NA,NA,NA,NA,NA,NA,NA,NA,NA,NA,NA,NA,NA,NA,NA,NA,NA,NA,NA,NA,NA,NA,NA,NA,NA,NA,NA,NA,NA,NA,NA,NA,NA,NA,NA,NA,NA,NA,NA,NA,NA,NA,NA,NA,NA,NA,NA,NA,NA,NA,NA,NA,NA,yes,yes,yes,NA,11.0,11,Nothing,yes,yes,yes,NA,35.0,35,Nothing,NA,NA,NA,NA,NA,NA,NA,NA,NA,NA,NA,NA,NA,NA,NA,NA,NA,NA,NA,NA,NA,NA,NA,NA,NA,NA,NA,NA,NA,NA,NA,NA,NA,NA,NA,NA,NA,NA,NA,NA,NA,NA,NA,NA,NA,NA,NA,NA,NA,NA,NA,NA,NA,NA,NA,NA,NA,NA,NA,NA,NA,NA,NA,NA,NA,NA,NA,NA,NA,NA,NA,NA,NA,NA,NA,NA,NA,NA,NA,NA,NA,NA,NA,NA,NA,NA,vhWnjS625dojve8hx4pZYi,11207769,55f76eda-980c-4e1d-aa63-2845a0a3407c,2017-08-02T20:57:31,5
2017-08-02T11:24:11.140+02,2017-08-02T18:51:11.489+02,2017-08-02,LBY02,West,LBY0209,Al Jabal Al Gharbi,LBY020906,Ghiryan,Gharyan,Tagsat,butcher,NA,NA,NA,NA,NA,NA,NA,NA,NA,NA,NA,NA,NA,NA,NA,NA,NA,NA,NA,NA,NA,NA,NA,NA,NA,NA,NA,NA,NA,NA,NA,NA,NA,NA,NA,NA,NA,NA,NA,NA,NA,NA,NA,NA,NA,NA,NA,NA,NA,NA,NA,NA,NA,NA,NA,NA,NA,NA,NA,NA,NA,NA,NA,NA,NA,NA,NA,NA,NA,NA,NA,NA,NA,NA,NA,NA,NA,NA,NA,NA,NA,NA,NA,NA,NA,NA,NA,NA,NA,NA,NA,NA,NA,NA,NA,NA,NA,NA,NA,NA,NA,NA,NA,NA,NA,NA,NA,NA,NA,NA,NA,NA,NA,NA,NA,NA,NA,NA,NA,NA,yes,yes,yes,NA,11.0,11,Nothing,yes,yes,yes,NA,35.0,35,Nothing,NA,NA,NA,NA,NA,NA,NA,NA,NA,NA,NA,NA,NA,NA,NA,NA,NA,NA,NA,NA,NA,NA,NA,NA,NA,NA,NA,NA,NA,NA,NA,NA,NA,NA,NA,NA,NA,NA,NA,NA,NA,NA,NA,NA,NA,NA,NA,NA,NA,NA,NA,NA,NA,NA,NA,NA,NA,NA,NA,NA,NA,NA,NA,NA,NA,NA,NA,NA,NA,NA,NA,NA,NA,NA,NA,NA,NA,NA,NA,NA,NA,NA,NA,NA,NA,NA,vhWnjS625dojve8hx4pZYi,11207770,736d1ab3-8e5e-49c5-ae09-3c93a8247f43,2017-08-02T20:57:33,6
2017-08-02T11:19:41.820+02,2017-08-02T18:50:49.069+02,2017-08-02,LBY02,West,LBY0209,Al Jabal Al Gharbi,LBY020906,Ghiryan,Gharyan,Almgarba,butcher,NA,NA,NA,NA,NA,NA,NA,NA,NA,NA,NA,NA,NA,NA,NA,NA,NA,NA,NA,NA,NA,NA,NA,NA,NA,NA,NA,NA,NA,NA,NA,NA,NA,NA,NA,NA,NA,NA,NA,NA,NA,NA,NA,NA,NA,NA,NA,NA,NA,NA,NA,NA,NA,NA,NA,NA,NA,NA,NA,NA,NA,NA,NA,NA,NA,NA,NA,NA,NA,NA,NA,NA,NA,NA,NA,NA,NA,NA,NA,NA,NA,NA,NA,NA,NA,NA,NA,NA,NA,NA,NA,NA,NA,NA,NA,NA,NA,NA,NA,NA,NA,NA,NA,NA,NA,NA,NA,NA,NA,NA,NA,NA,NA,NA,NA,NA,NA,NA,NA,NA,yes,yes,yes,NA,11.0,11,Nothing,yes,yes,yes,NA,35.0,35,Nothing,NA,NA,NA,NA,NA,NA,NA,NA,NA,NA,NA,NA,NA,NA,NA,NA,NA,NA,NA,NA,NA,NA,NA,NA,NA,NA,NA,NA,NA,NA,NA,NA,NA,NA,NA,NA,NA,NA,NA,NA,NA,NA,NA,NA,NA,NA,NA,NA,NA,NA,NA,NA,NA,NA,NA,NA,NA,NA,NA,NA,NA,NA,NA,NA,NA,NA,NA,NA,NA,NA,NA,NA,NA,NA,NA,NA,NA,NA,NA,NA,NA,NA,NA,NA,NA,NA,vhWnjS625dojve8hx4pZYi,11207767,1c439360-11a8-4bb0-bc92-0ca09d9c9500,2017-08-02T20:57:28,7
2017-08-02T11:21:13.798+02,2017-08-02T18:52:00.544+02,2017-08-02,LBY02,West,LBY0209,Al Jabal Al Gharbi,LBY020906,Ghiryan,Gharyan,Tgsaat,butcher,NA,NA,NA,NA,NA,NA,NA,NA,NA,NA,NA,NA,NA,NA,NA,NA,NA,NA,NA,NA,NA,NA,NA,NA,NA,NA,NA,NA,NA,NA,NA,NA,NA,NA,NA,NA,NA,NA,NA,NA,NA,NA,NA,NA,NA,NA,NA,NA,NA,NA,NA,NA,NA,NA,NA,NA,NA,NA,NA,NA,NA,NA,NA,NA,NA,NA,NA,NA,NA,NA,NA,NA,NA,NA,NA,NA,NA,NA,NA,NA,NA,NA,NA,NA,NA,NA,NA,NA,NA,NA,NA,NA,NA,NA,NA,NA,NA,NA,NA,NA,NA,NA,NA,NA,NA,NA,NA,NA,NA,NA,NA,NA,NA,NA,NA,NA,NA,NA,NA,NA,yes,yes,yes,NA,11.0,11,Nothing,yes,yes,yes,NA,35.0,35,Nothing,NA,NA,NA,NA,NA,NA,NA,NA,NA,NA,NA,NA,NA,NA,NA,NA,NA,NA,NA,NA,NA,NA,NA,NA,NA,NA,NA,NA,NA,NA,NA,NA,NA,NA,NA,NA,NA,NA,NA,NA,NA,NA,NA,NA,NA,NA,NA,NA,NA,NA,NA,NA,NA,NA,NA,NA,NA,NA,NA,NA,NA,NA,NA,NA,NA,NA,NA,NA,NA,NA,NA,NA,NA,NA,NA,NA,NA,NA,NA,NA,NA,NA,NA,NA,NA,NA,vhWnjS625dojve8hx4pZYi,11207768,8527a5f0-0899-45e5-937b-9394da49ddbb,2017-08-02T20:57:29,8
2017-08-02T11:17:39.756+02,2017-08-02T18:57:57.012+02,2017-08-02,LBY02,West,LBY0209,Al Jabal Al Gharbi,LBY020906,Ghiryan,Gharyan,Tagsat,vegetable,NA,NA,NA,NA,NA,NA,NA,NA,NA,NA,NA,NA,NA,NA,NA,NA,NA,NA,NA,NA,NA,NA,NA,NA,NA,NA,NA,NA,NA,NA,NA,NA,NA,NA,NA,NA,NA,NA,NA,NA,NA,NA,NA,NA,NA,NA,NA,NA,NA,NA,NA,NA,NA,NA,NA,NA,NA,NA,NA,NA,NA,NA,NA,NA,NA,NA,NA,NA,NA,NA,NA,NA,NA,NA,NA,NA,NA,NA,NA,NA,NA,NA,NA,NA,NA,NA,NA,NA,NA,NA,NA,NA,NA,NA,NA,NA,NA,NA,NA,NA,NA,NA,NA,NA,NA,NA,NA,NA,NA,NA,NA,NA,NA,NA,NA,NA,NA,NA,NA,NA,NA,NA,NA,NA,NA,NA,NA,NA,NA,NA,NA,NA,NA,NA,NA,NA,NA,NA,NA,NA,yes,yes,yes,NA,4.0,4,yes,yes,yes,NA,2.5,2.5,yes,yes,yes,NA,3.25,3.3,yes,yes,yes,NA,3.0,3,NA,NA,NA,NA,NA,NA,NA,NA,NA,NA,NA,NA,NA,NA,NA,NA,NA,NA,NA,NA,NA,NA,NA,NA,NA,NA,NA,NA,NA,NA,NA,NA,NA,NA,NA,NA,NA,NA,NA,NA,NA,NA,NA,NA,NA,NA,NA,NA,NA,NA,NA,NA,NA,NA,NA,NA,vhWnjS625dojve8hx4pZYi,11207765,7b3d0683-6039-4ae7-b79f-a70f382dacee,2017-08-02T20:57:26,9
2017-08-02T11:15:24.885+02,2017-08-02T20:49:46.098+02,2017-08-02,LBY02,West,LBY0209,Al Jabal Al Gharbi,LBY020906,Ghiryan,Gharyan,Tagsat,vegetable,NA,NA,NA,NA,NA,NA,NA,NA,NA,NA,NA,NA,NA,NA,NA,NA,NA,NA,NA,NA,NA,NA,NA,NA,NA,NA,NA,NA,NA,NA,NA,NA,NA,NA,NA,NA,NA,NA,NA,NA,NA,NA,NA,NA,NA,NA,NA,NA,NA,NA,NA,NA,NA,NA,NA,NA,NA,NA,NA,NA,NA,NA,NA,NA,NA,NA,NA,NA,NA,NA,NA,NA,NA,NA,NA,NA,NA,NA,NA,NA,NA,NA,NA,NA,NA,NA,NA,NA,NA,NA,NA,NA,NA,NA,NA,NA,NA,NA,NA,NA,NA,NA,NA,NA,NA,NA,NA,NA,NA,NA,NA,NA,NA,NA,NA,NA,NA,NA,NA,NA,NA,NA,NA,NA,NA,NA,NA,NA,NA,NA,NA,NA,NA,NA,NA,NA,NA,NA,NA,NA,yes,yes,yes,NA,3.75,3.8,yes,yes,yes,NA,2.0,2,yes,yes,yes,NA,2.5,2.5,yes,yes,yes,NA,2.5,2.5,NA,NA,NA,NA,NA,NA,NA,NA,NA,NA,NA,NA,NA,NA,NA,NA,NA,NA,NA,NA,NA,NA,NA,NA,NA,NA,NA,NA,NA,NA,NA,NA,NA,NA,NA,NA,NA,NA,NA,NA,NA,NA,NA,NA,NA,NA,NA,NA,NA,NA,NA,NA,NA,NA,NA,NA,vhWnjS625dojve8hx4pZYi,11207762,c8500b6e-3cde-4cc3-9d9c-b2efe2b5049f,2017-08-02T20:57:24,10
2017-08-02T11:13:23.957+02,2017-08-02T22:55:35.444+02,2017-08-02,LBY02,West,LBY0209,Al Jabal Al Gharbi,LBY020906,Ghiryan,Gharyan,Awladhzam,vegetable,NA,NA,NA,NA,NA,NA,NA,NA,NA,NA,NA,NA,NA,NA,NA,NA,NA,NA,NA,NA,NA,NA,NA,NA,NA,NA,NA,NA,NA,NA,NA,NA,NA,NA,NA,NA,NA,NA,NA,NA,NA,NA,NA,NA,NA,NA,NA,NA,NA,NA,NA,NA,NA,NA,NA,NA,NA,NA,NA,NA,NA,NA,NA,NA,NA,NA,NA,NA,NA,NA,NA,NA,NA,NA,NA,NA,NA,NA,NA,NA,NA,NA,NA,NA,NA,NA,NA,NA,NA,NA,NA,NA,NA,NA,NA,NA,NA,NA,NA,NA,NA,NA,NA,NA,NA,NA,NA,NA,NA,NA,NA,NA,NA,NA,NA,NA,NA,NA,NA,NA,NA,NA,NA,NA,NA,NA,NA,NA,NA,NA,NA,NA,NA,NA,NA,NA,NA,NA,NA,NA,yes,yes,yes,NA,4.0,4,yes,yes,yes,NA,2.5,2.5,yes,yes,yes,NA,3.0,3,yes,yes,yes,NA,3.0,3,NA,NA,NA,NA,NA,NA,NA,NA,NA,NA,NA,NA,NA,NA,NA,NA,NA,NA,NA,NA,NA,NA,NA,NA,NA,NA,NA,NA,NA,NA,NA,NA,NA,NA,NA,NA,NA,NA,NA,NA,NA,NA,NA,NA,NA,NA,NA,NA,NA,NA,NA,NA,NA,NA,NA,NA,vhWnjS625dojve8hx4pZYi,11207760,8c0583cb-3e78-4e7a-aa89-492d85b084cf,2017-08-02T20:57:22,11
2017-08-02T11:07:54.258+02,2017-08-02T22:56:12.904+02,2017-08-02,LBY02,West,LBY0209,Al Jabal Al Gharbi,LBY020906,Ghiryan,Gharyan,Awladhzam,vegetable,NA,NA,NA,NA,NA,NA,NA,NA,NA,NA,NA,NA,NA,NA,NA,NA,NA,NA,NA,NA,NA,NA,NA,NA,NA,NA,NA,NA,NA,NA,NA,NA,NA,NA,NA,NA,NA,NA,NA,NA,NA,NA,NA,NA,NA,NA,NA,NA,NA,NA,NA,NA,NA,NA,NA,NA,NA,NA,NA,NA,NA,NA,NA,NA,NA,NA,NA,NA,NA,NA,NA,NA,NA,NA,NA,NA,NA,NA,NA,NA,NA,NA,NA,NA,NA,NA,NA,NA,NA,NA,NA,NA,NA,NA,NA,NA,NA,NA,NA,NA,NA,NA,NA,NA,NA,NA,NA,NA,NA,NA,NA,NA,NA,NA,NA,NA,NA,NA,NA,NA,NA,NA,NA,NA,NA,NA,NA,NA,NA,NA,NA,NA,NA,NA,NA,NA,NA,NA,NA,NA,yes,yes,yes,NA,4.0,4,yes,yes,yes,NA,2.5,2.5,yes,yes,yes,NA,3.0,3,yes,yes,yes,NA,2.5,2.5,NA,NA,NA,NA,NA,NA,NA,NA,NA,NA,NA,NA,NA,NA,NA,NA,NA,NA,NA,NA,NA,NA,NA,NA,NA,NA,NA,NA,NA,NA,NA,NA,NA,NA,NA,NA,NA,NA,NA,NA,NA,NA,NA,NA,NA,NA,NA,NA,NA,NA,NA,NA,NA,NA,NA,NA,vhWnjS625dojve8hx4pZYi,11207758,85b5361e-ad1d-40d2-bdf4-ba7be7b45384,2017-08-02T20:57:21,12
2017-08-02T10:56:14.471+02,2017-08-02T19:04:22.453+02,2017-08-02,LBY02,West,LBY0209,Al Jabal Al Gharbi,LBY020906,Ghiryan,Gharyan,Tagsat,general_store,NA,yes,yes,yes,NA,1.0,1,Alosrs,yes,yes,yes,NA,2.5,2.5,Nothing,yes,yes,yes,NA,1.0,1,Alsunbola,yes,yes,yes,NA,3.25,3.3,Almabrook,yes,yes,yes,NA,1.25,1.3,Alemtiaz,yes,yes,yes,NA,3.0,3,Qureena,yes,yes,yes,NA,1.0,1,Alquobtan,yes,yes,yes,NA,6.0,6,حدائق كاليفورنيا,yes,yes,yes,NA,5.0,5,حدائق كاليفورنيا,yes,yes,yes,NA,1.75,1.8,Judy,yes,yes,yes,NA,4.0,4,Vitaliat,yes,yes,yes,NA,12.0,12,Franclait,yes,yes,yes,NA,5.0,5,Albarka,yes,yes,yes,NA,6.0,6,Alemtiaz,yes,yes,yes,NA,2.5,2.5,Alsfwa,yes,yes,yes,NA,3.75,3.8,صن,yes,yes,yes,NA,8.0,8,Nothing,no,NA,NA,NA,NA,NA,NA,no,NA,NA,NA,NA,NA,NA,no,NA,NA,NA,NA,NA,no,NA,NA,NA,NA,NA,no,NA,NA,NA,NA,NA,no,NA,NA,NA,NA,NA,no,NA,NA,NA,NA,NA,yes,yes,yes,NA,1.25,1.3,Luks,yes,yes,no,2.5,14.0,5.6,Excl,yes,yes,yes,NA,6.0,6,Vatika,yes,yes,yes,NA,3.75,3.8,Nothing,yes,yes,yes,NA,5.0,5,Signal,yes,yes,yes,NA,4.0,4,Nothing,yes,yes,yes,NA,3.0,3,Nana,yes,yes,yes,NA,20.0,20,Pedouce,vhWnjS625dojve8hx4pZYi,11207757,12193d7d-8610-4120-96ca-c11567e74558,2017-08-02T20:57:19,13
2017-08-02T10:46:43.237+02,2017-08-02T18:35:27.266+02,2017-08-02,LBY02,West,LBY0209,Al Jabal Al Gharbi,LBY020906,Ghiryan,Gharyan,Almgarba,general_store,NA,yes,yes,yes,NA,1.0,1,Alosra,yes,yes,yes,NA,2.5,2.5,Nothing,yes,yes,yes,NA,1.0,1,Alsunbola,yes,yes,yes,NA,3.5,3.5,Almabrook,yes,yes,yes,NA,1.25,1.3,Elemtiaz,yes,yes,yes,NA,3.0,3,Qureena,yes,yes,yes,NA,1.0,1,Alqubtan,yes,yes,yes,NA,6.0,6,حدائق كاليفورنيا,yes,yes,yes,NA,5.5,5.5,حدائق كاليفورنيا,yes,yes,yes,NA,1.75,1.8,Judy,yes,yes,yes,NA,3.0,3,Milk germany,yes,yes,yes,NA,13.0,13,Franclaith,yes,yes,yes,NA,5.0,5,Albarka,yes,yes,yes,NA,6.0,6,Elemtiaz,yes,yes,yes,NA,2.5,2.5,Alsfwa,yes,yes,yes,NA,3.75,3.8,صن,yes,yes,yes,NA,8.0,8,Nothing,no,NA,NA,NA,NA,NA,NA,no,NA,NA,NA,NA,NA,NA,no,NA,NA,NA,NA,NA,no,NA,NA,NA,NA,NA,no,NA,NA,NA,NA,NA,no,NA,NA,NA,NA,NA,no,NA,NA,NA,NA,NA,yes,yes,yes,NA,1.5,1.5,Luks,yes,yes,no,2.5,13.0,5.2,Almondf,yes,yes,yes,NA,5.0,5,Sunselk,yes,yes,yes,NA,2.75,2.8,صابون محلي,yes,yes,yes,NA,4.0,4,Signal,yes,yes,yes,NA,3.0,3,Nothing,yes,yes,yes,NA,3.0,3,Nana,yes,yes,yes,NA,20.0,20,Pedouce,vhWnjS625dojve8hx4pZYi,11207756,f32f3889-49b5-49c6-a5ad-95e026ccbae6,2017-08-02T20:57:17,14
2017-08-02T10:37:25.387+02,2017-08-02T19:53:15.743+02,2017-08-02,LBY02,West,LBY0209,Al Jabal Al Gharbi,LBY020906,Ghiryan,Gharyan,Almgarba,general_store,NA,yes,yes,yes,NA,0.75,0.8,Alosra,yes,yes,yes,NA,2.5,2.5,Nothing,yes,yes,yes,NA,1.0,1,Alsunbola,yes,yes,yes,NA,3.5,3.5,Almabrook,yes,yes,yes,NA,1.25,1.3,Alemtiaz,yes,yes,yes,NA,3.0,3,Qureena,yes,yes,yes,NA,1.0,1,Alqubtan,yes,yes,no,500.0,7.5,6,Nothing,yes,yes,yes,NA,5.0,5,حدائق كاليفورنيا,yes,yes,yes,NA,1.75,1.8,Judy,yes,yes,yes,NA,3.75,3.8,Vitaliy,yes,yes,yes,NA,13.0,13,Franclait,yes,yes,yes,NA,6.0,6,Albarka,yes,yes,yes,NA,6.0,6,Alemtiaz seelan,yes,yes,yes,NA,2.5,2.5,Alsafwa,yes,yes,yes,NA,3.75,3.8,صن,yes,yes,yes,NA,8.0,8,Nothing,no,NA,NA,NA,NA,NA,NA,no,NA,NA,NA,NA,NA,NA,no,NA,NA,NA,NA,NA,no,NA,NA,NA,NA,NA,no,NA,NA,NA,NA,NA,no,NA,NA,NA,NA,NA,no,NA,NA,NA,NA,NA,yes,yes,yes,NA,1.25,1.3,Luks,yes,yes,no,2.5,14.0,5.6,Excl,yes,yes,no,750.0,12.0,4,Agrado,yes,yes,no,2.0,5.0,2.5,Pril,yes,yes,yes,NA,5.0,5,Signal,yes,yes,yes,NA,3.0,3,Nothing,yes,yes,yes,NA,3.0,3,Nana,yes,yes,yes,NA,20.0,20,Pedouce,vhWnjS625dojve8hx4pZYi,11207753,2526e321-9227-45bd-860d-3c1341a984b7,2017-08-02T20:57:15,15
2017-08-01T22:44:51.911+02,2017-08-02T20:50:22.967+02,2017-08-01,LBY02,West,LBY0209,Al Jabal Al Gharbi,LBY020906,Ghiryan,Gharyan,Tagsat,general_store,NA,yes,yes,yes,NA,1.0,1,Alosra,yes,yes,yes,NA,2.5,2.5,Nothing,yes,yes,yes,NA,1.0,1,Alsunbola,yes,yes,yes,NA,3.5,3.5,Almabrouk,yes,yes,yes,NA,1.25,1.3,Alemtiaz,yes,yes,yes,NA,3.0,3,Qureena,yes,yes,yes,NA,1.0,1,Alqubtan,yes,yes,yes,NA,5.0,5,حدائق كاليفورنيا,yes,yes,yes,NA,5.5,5.5,حدائق كاليفورنيا,yes,yes,yes,NA,1.75,1.8,Judy,yes,yes,yes,NA,3.0,3,Almany,yes,yes,yes,NA,11.0,11,Franclait,yes,yes,yes,NA,5.0,5,Albarka,yes,yes,yes,NA,5.5,5.5,Alemtiaz,yes,yes,yes,NA,2.5,2.5,Alsfwa,yes,yes,yes,NA,3.5,3.5,صن,yes,yes,yes,NA,8.0,8,لاشيء,no,NA,NA,NA,NA,NA,NA,no,NA,NA,NA,NA,NA,NA,no,NA,NA,NA,NA,NA,no,NA,NA,NA,NA,NA,no,NA,NA,NA,NA,NA,no,NA,NA,NA,NA,NA,no,NA,NA,NA,NA,NA,yes,yes,yes,NA,1.5,1.5,Luks,yes,yes,no,2.5,14.0,5.6,Excl,yes,yes,yes,NA,5.0,5,Sunselck,yes,yes,yes,NA,3.5,3.5,Pril,yes,yes,yes,NA,4.0,4,Signal,yes,yes,yes,NA,2.5,2.5,Noting,yes,yes,yes,NA,3.0,3,Nana,yes,yes,yes,NA,20.0,20,Pedouce,vhWnjS625dojve8hx4pZYi,11207751,48e49691-1e66-475f-8fe2-c8762ddcb342,2017-08-02T20:57:12,16
2017-08-02T17:49:42.839+02,2017-08-02T17:52:24.720+02,2017-08-02,LBY02,West,LBY0209,Al Jabal Al Gharbi,LBY020902,Azzintan,Zintan,السوق,butcher,NA,NA,NA,NA,NA,NA,NA,NA,NA,NA,NA,NA,NA,NA,NA,NA,NA,NA,NA,NA,NA,NA,NA,NA,NA,NA,NA,NA,NA,NA,NA,NA,NA,NA,NA,NA,NA,NA,NA,NA,NA,NA,NA,NA,NA,NA,NA,NA,NA,NA,NA,NA,NA,NA,NA,NA,NA,NA,NA,NA,NA,NA,NA,NA,NA,NA,NA,NA,NA,NA,NA,NA,NA,NA,NA,NA,NA,NA,NA,NA,NA,NA,NA,NA,NA,NA,NA,NA,NA,NA,NA,NA,NA,NA,NA,NA,NA,NA,NA,NA,NA,NA,NA,NA,NA,NA,NA,NA,NA,NA,NA,NA,NA,NA,NA,NA,NA,NA,NA,NA,yes,yes,no,1.7,18.0,10.6,محلي,yes,yes,yes,NA,30.0,30,محلي,NA,NA,NA,NA,NA,NA,NA,NA,NA,NA,NA,NA,NA,NA,NA,NA,NA,NA,NA,NA,NA,NA,NA,NA,NA,NA,NA,NA,NA,NA,NA,NA,NA,NA,NA,NA,NA,NA,NA,NA,NA,NA,NA,NA,NA,NA,NA,NA,NA,NA,NA,NA,NA,NA,NA,NA,NA,NA,NA,NA,NA,NA,NA,NA,NA,NA,NA,NA,NA,NA,NA,NA,NA,NA,NA,NA,NA,NA,NA,NA,NA,NA,NA,NA,NA,NA,vhWnjS625dojve8hx4pZYi,11207571,7bc4ab06-6b25-468a-a5ec-6230a52ef70d,2017-08-02T20:46:31,17
2017-08-02T17:45:25.408+02,2017-08-02T17:49:31.082+02,2017-08-02,LBY02,West,LBY0209,Al Jabal Al Gharbi,LBY020902,Azzintan,Zintan,السوق,bakery,NA,NA,NA,NA,NA,NA,NA,NA,NA,NA,NA,NA,NA,NA,NA,no,NA,NA,NA,NA,NA,NA,NA,NA,NA,NA,NA,NA,NA,NA,NA,NA,NA,NA,NA,NA,NA,NA,NA,NA,NA,NA,NA,NA,NA,NA,NA,NA,NA,NA,NA,NA,NA,NA,NA,NA,NA,NA,NA,NA,NA,NA,NA,NA,NA,NA,NA,NA,NA,NA,NA,NA,NA,NA,NA,NA,NA,NA,NA,NA,NA,NA,NA,NA,NA,NA,NA,NA,NA,NA,NA,NA,NA,NA,NA,NA,NA,NA,NA,NA,NA,NA,NA,NA,NA,NA,NA,NA,NA,NA,NA,NA,NA,NA,NA,NA,NA,NA,NA,NA,NA,NA,NA,NA,NA,NA,NA,NA,NA,NA,NA,NA,NA,NA,yes,no,NA,NA,NA,NA,NA,NA,NA,NA,NA,NA,NA,NA,NA,NA,NA,NA,NA,NA,NA,NA,NA,NA,NA,NA,NA,NA,NA,NA,NA,NA,NA,NA,NA,NA,NA,NA,NA,NA,NA,NA,NA,NA,NA,NA,NA,NA,NA,NA,NA,NA,NA,NA,NA,NA,NA,NA,NA,NA,NA,NA,NA,NA,NA,NA,NA,NA,NA,NA,NA,NA,NA,NA,NA,NA,NA,NA,NA,NA,NA,NA,NA,NA,NA,NA,vhWnjS625dojve8hx4pZYi,11207569,cf2d4271-79a7-4760-98f1-b060cf30a583,2017-08-02T20:46:22,18
2017-08-02T16:03:34.958+02,2017-08-02T16:07:15.314+02,2017-08-02,LBY02,West,LBY0209,Al Jabal Al Gharbi,LBY020902,Azzintan,Zintan,السوق,vegetable,NA,NA,NA,NA,NA,NA,NA,NA,NA,NA,NA,NA,NA,NA,NA,NA,NA,NA,NA,NA,NA,NA,NA,NA,NA,NA,NA,NA,NA,NA,NA,NA,NA,NA,NA,NA,NA,NA,NA,NA,NA,NA,NA,NA,NA,NA,NA,NA,NA,NA,NA,NA,NA,NA,NA,NA,NA,NA,NA,NA,NA,NA,NA,NA,NA,NA,NA,NA,NA,NA,NA,NA,NA,NA,NA,NA,NA,NA,NA,NA,NA,NA,NA,NA,NA,NA,NA,NA,NA,NA,NA,NA,NA,NA,NA,NA,NA,NA,NA,NA,NA,NA,NA,NA,NA,NA,NA,NA,NA,NA,NA,NA,NA,NA,NA,NA,NA,NA,NA,NA,NA,NA,NA,NA,NA,NA,NA,NA,NA,NA,NA,NA,NA,NA,NA,NA,NA,NA,NA,NA,yes,yes,yes,NA,2.0,2,yes,yes,yes,NA,2.0,2,yes,yes,yes,NA,2.5,2.5,yes,yes,yes,NA,2.5,2.5,NA,NA,NA,NA,NA,NA,NA,NA,NA,NA,NA,NA,NA,NA,NA,NA,NA,NA,NA,NA,NA,NA,NA,NA,NA,NA,NA,NA,NA,NA,NA,NA,NA,NA,NA,NA,NA,NA,NA,NA,NA,NA,NA,NA,NA,NA,NA,NA,NA,NA,NA,NA,NA,NA,NA,NA,vhWnjS625dojve8hx4pZYi,11207567,1c944905-d0ac-463d-8861-4799a11a16a3,2017-08-02T20:46:11,19
2017-08-02T15:58:50.604+02,2017-08-02T16:01:08.507+02,2017-08-02,LBY02,West,LBY0209,Al Jabal Al Gharbi,LBY020902,Azzintan,Zintan,السوق,vegetable,NA,NA,NA,NA,NA,NA,NA,NA,NA,NA,NA,NA,NA,NA,NA,NA,NA,NA,NA,NA,NA,NA,NA,NA,NA,NA,NA,NA,NA,NA,NA,NA,NA,NA,NA,NA,NA,NA,NA,NA,NA,NA,NA,NA,NA,NA,NA,NA,NA,NA,NA,NA,NA,NA,NA,NA,NA,NA,NA,NA,NA,NA,NA,NA,NA,NA,NA,NA,NA,NA,NA,NA,NA,NA,NA,NA,NA,NA,NA,NA,NA,NA,NA,NA,NA,NA,NA,NA,NA,NA,NA,NA,NA,NA,NA,NA,NA,NA,NA,NA,NA,NA,NA,NA,NA,NA,NA,NA,NA,NA,NA,NA,NA,NA,NA,NA,NA,NA,NA,NA,NA,NA,NA,NA,NA,NA,NA,NA,NA,NA,NA,NA,NA,NA,NA,NA,NA,NA,NA,NA,yes,yes,yes,NA,1.5,1.5,yes,yes,yes,NA,2.0,2,yes,yes,yes,NA,3.0,3,yes,yes,yes,NA,3.0,3,NA,NA,NA,NA,NA,NA,NA,NA,NA,NA,NA,NA,NA,NA,NA,NA,NA,NA,NA,NA,NA,NA,NA,NA,NA,NA,NA,NA,NA,NA,NA,NA,NA,NA,NA,NA,NA,NA,NA,NA,NA,NA,NA,NA,NA,NA,NA,NA,NA,NA,NA,NA,NA,NA,NA,NA,vhWnjS625dojve8hx4pZYi,11207566,d9b1bdf2-a68f-4685-b524-578f6fcc42dd,2017-08-02T20:45:59,20
2017-08-02T15:54:52.745+02,2017-08-02T15:56:39.599+02,2017-08-02,LBY02,West,LBY0209,Al Jabal Al Gharbi,LBY020902,Azzintan,Zintan,السوق,bakery,NA,NA,NA,NA,NA,NA,NA,NA,NA,NA,NA,NA,NA,NA,NA,no,NA,NA,NA,NA,NA,NA,NA,NA,NA,NA,NA,NA,NA,NA,NA,NA,NA,NA,NA,NA,NA,NA,NA,NA,NA,NA,NA,NA,NA,NA,NA,NA,NA,NA,NA,NA,NA,NA,NA,NA,NA,NA,NA,NA,NA,NA,NA,NA,NA,NA,NA,NA,NA,NA,NA,NA,NA,NA,NA,NA,NA,NA,NA,NA,NA,NA,NA,NA,NA,NA,NA,NA,NA,NA,NA,NA,NA,NA,NA,NA,NA,NA,NA,NA,NA,NA,NA,NA,NA,NA,NA,NA,NA,NA,NA,NA,NA,NA,NA,NA,NA,NA,NA,NA,NA,NA,NA,NA,NA,NA,NA,NA,NA,NA,NA,NA,NA,NA,yes,no,NA,NA,NA,NA,NA,NA,NA,NA,NA,NA,NA,NA,NA,NA,NA,NA,NA,NA,NA,NA,NA,NA,NA,NA,NA,NA,NA,NA,NA,NA,NA,NA,NA,NA,NA,NA,NA,NA,NA,NA,NA,NA,NA,NA,NA,NA,NA,NA,NA,NA,NA,NA,NA,NA,NA,NA,NA,NA,NA,NA,NA,NA,NA,NA,NA,NA,NA,NA,NA,NA,NA,NA,NA,NA,NA,NA,NA,NA,NA,NA,NA,NA,NA,NA,vhWnjS625dojve8hx4pZYi,11207564,17a00c78-11f9-42bc-83a9-1818d72805cc,2017-08-02T20:45:51,21
2017-08-02T15:41:06.478+02,2017-08-02T15:54:41.781+02,2017-08-02,LBY02,West,LBY0209,Al Jabal Al Gharbi,LBY020902,Azzintan,Zintan,الشرقيه,general_store,NA,yes,yes,yes,NA,1.0,1,الاسره,yes,yes,yes,NA,3.75,3.8,صافي,yes,yes,yes,NA,1.5,1.5,التحدي,yes,yes,yes,NA,3.0,3,الاسره,yes,yes,yes,NA,1.5,1.5,سبيقه,yes,yes,yes,NA,2.5,2.5,قورينا,yes,yes,yes,NA,1.25,1.3,البستان,yes,yes,yes,NA,2.5,2.5,لارا,yes,yes,yes,NA,2.5,2.5,لورد فود,yes,yes,no,170.0,2.0,2.4,جودي,yes,yes,yes,NA,4.5,4.5,لاتي,yes,yes,yes,NA,22.5,22.5,ماي بوي,yes,yes,yes,NA,5.0,5,نابت,yes,yes,yes,NA,7.0,7,زهره,yes,yes,yes,NA,4.0,4,الصفوه,yes,yes,no,140.0,4.0,5.7,امريكانا,yes,yes,yes,NA,9.5,9.5,محلي,no,NA,NA,NA,NA,NA,NA,no,NA,NA,NA,NA,NA,NA,no,NA,NA,NA,NA,NA,no,NA,NA,NA,NA,NA,no,NA,NA,NA,NA,NA,no,NA,NA,NA,NA,NA,no,NA,NA,NA,NA,NA,yes,yes,yes,NA,1.0,1,فاكس,yes,yes,no,2.5,17.5,7,مار,yes,yes,no,380.0,7.0,4.5999999999999996,سوبلاس,yes,yes,no,6.0,6.5,1.1000000000000001,النجمه,yes,yes,yes,NA,2.0,2,المسواك,yes,yes,yes,NA,4.0,4,اورل بي,yes,yes,yes,NA,3.0,3,ليلاس,yes,yes,yes,NA,20.0,20,بودوس,vhWnjS625dojve8hx4pZYi,11207560,a082afa4-df9f-4464-9f15-ad5ee010929d,2017-08-02T20:45:41,22
2017-08-02T15:29:32.179+02,2017-08-02T15:38:12.394+02,2017-08-02,LBY02,West,LBY0209,Al Jabal Al Gharbi,LBY020902,Azzintan,Zintan,الشرقيه,general_store,NA,yes,yes,yes,NA,1.0,1,الاسره,yes,yes,yes,NA,3.75,3.8,صافي,yes,yes,yes,NA,1.5,1.5,التحدي,yes,yes,yes,NA,3.0,3,المبروك,yes,yes,yes,NA,1.5,1.5,سبيقه,yes,yes,yes,NA,2.5,2.5,قورينا,yes,yes,yes,NA,1.0,1,الصفوه,yes,yes,yes,NA,2.5,2.5,لارا,yes,yes,yes,NA,2.5,2.5,لورد فود,yes,yes,no,170.0,2.0,2.4,جودي,yes,yes,yes,NA,4.5,4.5,لاتي,yes,yes,yes,NA,23.0,23,ماي بوي,yes,yes,yes,NA,5.0,5,نابت,yes,yes,yes,NA,7.0,7,زهره,yes,yes,yes,NA,4.0,4,الصفوه,yes,yes,no,140.0,4.0,5.7,امريكانا,yes,yes,yes,NA,9.0,9,محلي,yes,yes,no,1.5,18.0,12,محلي,yes,yes,yes,NA,30.0,30,محلي,no,NA,NA,NA,NA,NA,yes,yes,yes,NA,2.0,2,yes,yes,yes,NA,2.0,2,yes,yes,yes,NA,3.0,3,yes,yes,yes,NA,3.0,3,yes,yes,yes,NA,1.0,1,فاكس,yes,yes,no,2.5,20.0,8,دكس,yes,yes,no,380.0,7.0,4.5999999999999996,سوبلاس,yes,yes,no,6.0,6.5,1.1000000000000001,النجمه,yes,yes,yes,NA,2.0,2,المسواك,yes,yes,yes,NA,3.5,3.5,فاكس,yes,yes,yes,NA,2.75,2.8,ليلاس,yes,yes,yes,NA,20.0,20,بودوس,vhWnjS625dojve8hx4pZYi,11207559,42d6e875-9063-4250-b100-d3261c6c6242,2017-08-02T20:45:32,23
2017-08-02T15:10:11.110+02,2017-08-02T15:28:59.627+02,2017-08-02,LBY02,West,LBY0209,Al Jabal Al Gharbi,LBY020902,Azzintan,Zintan,السوق,general_store,NA,yes,yes,yes,NA,1.0,1,الاسره,yes,yes,yes,NA,4.0,4,صافي,yes,yes,yes,NA,1.5,1.5,التحدي,yes,yes,yes,NA,3.0,3,المبروك,yes,yes,yes,NA,1.5,1.5,سبيقه,yes,yes,yes,NA,2.5,2.5,قورينا,yes,yes,yes,NA,1.25,1.3,البستان,yes,yes,yes,NA,2.5,2.5,لارا,yes,yes,yes,NA,2.5,2.5,لورد فود,yes,yes,no,170.0,2.0,2.4,جودي,yes,yes,yes,NA,4.25,4.3,لاتي,yes,yes,yes,NA,23.0,23,ماي بوي,yes,yes,yes,NA,5.0,5,نابت,yes,yes,yes,NA,7.0,7,زهره,yes,yes,yes,NA,3.0,3,المناره,yes,yes,no,140.0,4.0,5.7,امريكانا,yes,yes,yes,NA,9.0,9,محلي,yes,yes,no,1.5,18.0,12,محلي,yes,yes,yes,NA,30.0,30,محلي,yes,yes,yes,NA,1.0,1,no,NA,NA,NA,NA,NA,no,NA,NA,NA,NA,NA,no,NA,NA,NA,NA,NA,no,NA,NA,NA,NA,NA,yes,yes,yes,NA,1.0,1,فاكس,yes,yes,no,2.5,20.0,8,دكس,yes,yes,no,380.0,7.0,4.5999999999999996,سوبلاس,yes,yes,no,6.0,6.5,1.1000000000000001,النجمه,yes,yes,yes,NA,2.0,2,المسواك,yes,yes,yes,NA,5.0,5,اورل بي,yes,yes,yes,NA,2.75,2.8,ليلاس,yes,yes,yes,NA,20.0,20,بودوس,vhWnjS625dojve8hx4pZYi,11207557,ecfe8242-699c-4be7-b1f5-c5ad0d52319c,2017-08-02T20:45:22,24
2017-08-02T14:43:14.137+02,2017-08-02T15:04:52.612+02,2017-08-02,LBY02,West,LBY0209,Al Jabal Al Gharbi,LBY020902,Azzintan,Zintan,السوق,general_store,NA,yes,yes,yes,NA,1.0,1,الاسره,yes,yes,yes,NA,4.0,4,لايوجد,yes,yes,yes,NA,1.5,1.5,التحدي,yes,yes,yes,NA,3.0,3,المبروك,yes,yes,yes,NA,1.25,1.3,رندا,yes,yes,yes,NA,2.5,2.5,قورينا,yes,yes,yes,NA,1.25,1.3,البستان,yes,yes,yes,NA,2.5,2.5,لارا,yes,yes,yes,NA,2.5,2.5,لورد فود,yes,yes,no,159.0,2.0,2.5,جودي,yes,yes,yes,NA,4.5,4.5,لاتي,yes,yes,yes,NA,22.5,22.5,ماي بوي,yes,yes,yes,NA,5.0,5,نابت,yes,yes,yes,NA,7.0,7,زهره,yes,yes,yes,NA,3.0,3,المناره,yes,yes,no,140.0,4.0,5.7,امريكانا,yes,yes,yes,NA,9.5,9.5,محلي,no,NA,NA,NA,NA,NA,NA,no,NA,NA,NA,NA,NA,NA,yes,yes,no,6,1.0,0.8,no,NA,NA,NA,NA,NA,no,NA,NA,NA,NA,NA,no,NA,NA,NA,NA,NA,no,NA,NA,NA,NA,NA,yes,yes,yes,NA,1.0,1,فاكس,yes,yes,no,2.5,17.5,7,جوريا,yes,yes,no,380.0,7.0,4.5999999999999996,سوبلاس,yes,yes,no,6.0,6.5,1.1000000000000001,النجمه,yes,yes,yes,NA,2.0,2,المسواك,yes,yes,yes,NA,3.5,3.5,ديفاس,yes,yes,yes,NA,2.75,2.8,ليلاس,yes,yes,yes,NA,20.0,20,بودوس,vhWnjS625dojve8hx4pZYi,11207555,c7811168-a6eb-49fc-b6cf-6571fe9afe31,2017-08-02T20:45:10,25
2017-08-02T14:37:07.346+02,2017-08-02T14:40:32.101+02,2017-08-02,LBY02,West,LBY0209,Al Jabal Al Gharbi,LBY020902,Azzintan,Zintan,السوق,vegetable,NA,NA,NA,NA,NA,NA,NA,NA,NA,NA,NA,NA,NA,NA,NA,NA,NA,NA,NA,NA,NA,NA,NA,NA,NA,NA,NA,NA,NA,NA,NA,NA,NA,NA,NA,NA,NA,NA,NA,NA,NA,NA,NA,NA,NA,NA,NA,NA,NA,NA,NA,NA,NA,NA,NA,NA,NA,NA,NA,NA,NA,NA,NA,NA,NA,NA,NA,NA,NA,NA,NA,NA,NA,NA,NA,NA,NA,NA,NA,NA,NA,NA,NA,NA,NA,NA,NA,NA,NA,NA,NA,NA,NA,NA,NA,NA,NA,NA,NA,NA,NA,NA,NA,NA,NA,NA,NA,NA,NA,NA,NA,NA,NA,NA,NA,NA,NA,NA,NA,NA,NA,NA,NA,NA,NA,NA,NA,NA,NA,NA,NA,NA,NA,NA,NA,NA,NA,NA,NA,NA,yes,yes,yes,NA,2.0,2,yes,yes,yes,NA,2.0,2,yes,yes,yes,NA,3.0,3,yes,yes,yes,NA,3.0,3,NA,NA,NA,NA,NA,NA,NA,NA,NA,NA,NA,NA,NA,NA,NA,NA,NA,NA,NA,NA,NA,NA,NA,NA,NA,NA,NA,NA,NA,NA,NA,NA,NA,NA,NA,NA,NA,NA,NA,NA,NA,NA,NA,NA,NA,NA,NA,NA,NA,NA,NA,NA,NA,NA,NA,NA,vhWnjS625dojve8hx4pZYi,11207553,9927694a-3167-4e95-958b-94c93cc8e49f,2017-08-02T20:45:01,26
2017-08-02T14:23:51.516+02,2017-08-02T14:31:39.072+02,2017-08-02,LBY02,West,LBY0209,Al Jabal Al Gharbi,LBY020902,Azzintan,Zintan,الجنوبيه,butcher,NA,NA,NA,NA,NA,NA,NA,NA,NA,NA,NA,NA,NA,NA,NA,NA,NA,NA,NA,NA,NA,NA,NA,NA,NA,NA,NA,NA,NA,NA,NA,NA,NA,NA,NA,NA,NA,NA,NA,NA,NA,NA,NA,NA,NA,NA,NA,NA,NA,NA,NA,NA,NA,NA,NA,NA,NA,NA,NA,NA,NA,NA,NA,NA,NA,NA,NA,NA,NA,NA,NA,NA,NA,NA,NA,NA,NA,NA,NA,NA,NA,NA,NA,NA,NA,NA,NA,NA,NA,NA,NA,NA,NA,NA,NA,NA,NA,NA,NA,NA,NA,NA,NA,NA,NA,NA,NA,NA,NA,NA,NA,NA,NA,NA,NA,NA,NA,NA,NA,NA,yes,yes,no,1.8,18.0,10,محلي,yes,yes,yes,NA,29.0,29,محلي,NA,NA,NA,NA,NA,NA,NA,NA,NA,NA,NA,NA,NA,NA,NA,NA,NA,NA,NA,NA,NA,NA,NA,NA,NA,NA,NA,NA,NA,NA,NA,NA,NA,NA,NA,NA,NA,NA,NA,NA,NA,NA,NA,NA,NA,NA,NA,NA,NA,NA,NA,NA,NA,NA,NA,NA,NA,NA,NA,NA,NA,NA,NA,NA,NA,NA,NA,NA,NA,NA,NA,NA,NA,NA,NA,NA,NA,NA,NA,NA,NA,NA,NA,NA,NA,NA,vhWnjS625dojve8hx4pZYi,11207547,2b5873f9-91f3-48b9-bce8-25062937fe8e,2017-08-02T20:44:46,27
2017-08-05T00:46:35.246+01,2017-08-05T01:12:32.148+01,2017-08-05,LBY03,South,LBY0305,Wadi Ashshati,LBY030501,Brak,Brak,"Afia conjunction, T road",general_store,NA,yes,yes,yes,NA,0.75,0.8,Al libi,yes,yes,yes,NA,3.25,3.3,Normal,yes,yes,yes,NA,1.25,1.3,Wadi Rabie,yes,yes,yes,NA,3.25,3.3,Khqlij Rice,yes,yes,no,400.0,1.5,1.9,Randah,yes,no,NA,NA,NA,NA,NA,yes,yes,yes,NA,1.0,1,Bostan,yes,yes,yes,NA,2.5,2.5,Anna,yes,yes,yes,NA,2.5,2.5,Tofa,yes,yes,yes,NA,3.0,3,Jodie,yes,yes,yes,NA,4.5,4.5,Jodie,yes,no,NA,NA,NA,NA,NA,yes,yes,yes,NA,5.0,5,Jowhra,yes,yes,yes,NA,6.5,6.5,Cilan,yes,yes,yes,NA,2.75,2.8,Manar,yes,yes,yes,NA,3.5,3.5,Morgan,yes,yes,yes,NA,8.5,8.5,No Brand,no,NA,NA,NA,NA,NA,NA,no,NA,NA,NA,NA,NA,NA,no,NA,NA,NA,NA,NA,no,NA,NA,NA,NA,NA,no,NA,NA,NA,NA,NA,no,NA,NA,NA,NA,NA,no,NA,NA,NA,NA,NA,yes,yes,yes,NA,1.0,1,Maryna,yes,yes,no,2.5,10.0,4,Rayhan,yes,yes,yes,NA,4.0,4,Plamolive,yes,yes,no,5.0,6.5,1.3,No Brand,yes,no,NA,NA,NA,NA,NA,yes,no,NA,NA,NA,NA,NA,yes,no,NA,NA,NA,NA,NA,yes,no,NA,NA,NA,NA,NA,vhWnjS625dojve8hx4pZYi,11279024,73d4646a-dac0-4a4b-b573-261c1c2ee7b3,2017-08-05T01:04:51,35
2017-08-05T01:10:46.026+01,2017-08-05T12:55:05.049+01,2017-08-05,LBY03,South,LBY0305,Wadi Ashshati,LBY030501,Brak,Brak,Afia Road,general_store,NA,yes,yes,yes,NA,1.0,1,Karkora,yes,yes,yes,NA,3.75,3.8,No Brand,yes,yes,yes,NA,1.5,1.5,Al Tahadi,yes,yes,yes,NA,3.5,3.5,Al Amira,yes,yes,no,400.0,1.5,1.9,Libia,yes,yes,yes,NA,3.5,3.5,Diary,yes,yes,yes,NA,1.25,1.3,Al Bostan,yes,yes,yes,NA,2.5,2.5,Lara,yes,yes,yes,NA,2.5,2.5,Tofa,yes,yes,yes,NA,4.5,4.5,Zahrat,yes,yes,yes,NA,6.0,6,Jodie,yes,yes,yes,NA,14.0,14,Ankor,yes,yes,yes,NA,5.0,5,Nabit,yes,yes,yes,NA,7.0,7,Cilan,yes,yes,yes,NA,3.5,3.5,Manar,yes,yes,no,160.0,3.5,4.4000000000000004,Golden shafe,yes,yes,yes,NA,9.5,9.5,No Brand,no,NA,NA,NA,NA,NA,NA,no,NA,NA,NA,NA,NA,NA,no,NA,NA,NA,NA,NA,no,NA,NA,NA,NA,NA,no,NA,NA,NA,NA,NA,no,NA,NA,NA,NA,NA,no,NA,NA,NA,NA,NA,yes,yes,yes,NA,1.0,1,Fax,yes,yes,no,2.0,20.0,10,Excel,yes,yes,yes,NA,3.5,3.5,No Brand,yes,yes,yes,NA,2.5,2.5,Alwazir,yes,yes,yes,NA,6.5,6.5,Signals,yes,yes,yes,NA,2.5,2.5,OralB,yes,yes,yes,NA,3.0,3,Azhar,yes,yes,yes,NA,22.5,22.5,Bummy,vhWnjS625dojve8hx4pZYi,11284972,2240edaf-e8fc-4fd1-80c4-1bc599fde328,2017-08-05T11:55:15,47
2017-08-05T12:56:00.098+01,2017-08-05T13:11:50.741+01,2017-08-05,LBY03,South,LBY0305,Wadi Ashshati,LBY030501,Brak,Brak,Brak interanc,general_store,NA,yes,yes,yes,NA,1.0,1,Kutuzal,yes,yes,yes,NA,3.5,3.5,No Brand,yes,yes,yes,NA,1.5,1.5,Wadi Rabie,yes,yes,yes,NA,3.5,3.5,Amira,yes,yes,no,400.0,1.5,1.9,Tunsia,yes,yes,yes,NA,4.0,4,Diary,yes,yes,yes,NA,1.5,1.5,Italian,yes,yes,yes,NA,2.0,2,Anna,yes,yes,yes,NA,2.0,2,Tofa,yes,yes,yes,NA,4.0,4,Zahrat,yes,yes,yes,NA,7.0,7,Jodie,yes,yes,yes,NA,22.0,22,Babylack,yes,yes,yes,NA,6.0,6,Jawhara,yes,yes,yes,NA,7.0,7,Cilan,yes,yes,yes,NA,5.0,5,Safwa,yes,yes,yes,NA,3.5,3.5,Fatih tuna,yes,yes,yes,NA,10.0,10,No Brand,yes,yes,yes,NA,10.0,10,Franci,no,NA,NA,NA,NA,NA,NA,no,NA,NA,NA,NA,NA,no,NA,NA,NA,NA,NA,no,NA,NA,NA,NA,NA,no,NA,NA,NA,NA,NA,no,NA,NA,NA,NA,NA,yes,yes,yes,NA,1.7,1.7,Flora,yes,yes,no,2.5,25.0,10,NA,yes,yes,yes,NA,10.0,10,Sunsilk,yes,yes,yes,NA,5.0,5,Prill,yes,yes,yes,NA,5.0,5,Signals,yes,yes,yes,NA,1.0,1,Meswak,yes,yes,yes,NA,5.0,5,Nana,yes,yes,yes,NA,20.0,20,Bodos,vhWnjS625dojve8hx4pZYi,11285275,2f11d8dd-f3ec-45ca-b8fa-2ad5d9e40d1f,2017-08-05T12:12:09,49
2017-08-05T13:13:15.348+01,2017-08-05T14:25:04.164+01,2017-08-05,LBY03,South,LBY0305,Wadi Ashshati,LBY030501,Brak,Brak,Sooq Al gadip,general_store,NA,yes,yes,yes,NA,1.5,1.5,Tunsi,yes,yes,yes,NA,3.5,3.5,No Brand,yes,yes,yes,NA,1.25,1.3,Wadi Rabie,yes,yes,yes,NA,3.5,3.5,Amira,yes,yes,no,400.0,1.5,1.9,Tunsia,yes,yes,yes,NA,3.5,3.5,Diary,yes,yes,yes,NA,1.0,1,Bostan,yes,yes,yes,NA,2.75,2.8,Anna,yes,yes,yes,NA,2.75,2.8,Tofa,yes,yes,yes,NA,4.0,4,Jodie,yes,yes,yes,NA,5.5,5.5,Jodie,yes,yes,yes,NA,14.0,14,Boody,yes,yes,yes,NA,4.5,4.5,Nabit,yes,yes,yes,NA,7.0,7,Cilan,yes,yes,yes,NA,3.5,3.5,Alaya,yes,yes,yes,NA,3.5,3.5,Alfatih,yes,yes,yes,NA,10.0,10,No Brand,yes,yes,yes,NA,10.0,10,French,no,NA,NA,NA,NA,NA,NA,yes,yes,no,8,1.0,0.6,no,NA,NA,NA,NA,NA,no,NA,NA,NA,NA,NA,no,NA,NA,NA,NA,NA,no,NA,NA,NA,NA,NA,yes,yes,yes,NA,1.0,1,Turkish,yes,yes,no,2.5,17.5,7,Dixan,yes,yes,yes,NA,7.0,7,Malizia,yes,yes,no,6.0,6.5,1.1000000000000001,No Brand,yes,yes,yes,NA,4.5,4.5,Signals,yes,yes,yes,NA,3.0,3,Top fresh,yes,yes,yes,NA,3.0,3,Lilas,yes,yes,yes,NA,20.0,20,Bodos,vhWnjS625dojve8hx4pZYi,11286626,ffc1da52-1996-4746-8996-aa7d11306ac4,2017-08-05T13:25:22,50
2017-08-05T14:26:28.057+01,2017-08-05T14:59:02.295+01,2017-08-05,LBY03,South,LBY0305,Wadi Ashshati,LBY030501,Brak,Brak,Al Zawia,general_store,NA,yes,yes,yes,NA,1.25,1.3,Kutuzal,yes,yes,yes,NA,3.5,3.5,No Brand,yes,yes,yes,NA,1.25,1.3,Wadi El Rabie,yes,yes,yes,NA,3.0,3,Al shoaa',yes,yes,no,400.0,1.5,1.9,Sonbola,yes,yes,yes,NA,3.5,3.5,Sonbola,yes,yes,yes,NA,1.25,1.3,Bostan,yes,yes,yes,NA,2.5,2.5,Oia,yes,yes,yes,NA,2.5,2.5,Tofa,yes,yes,yes,NA,3.75,3.8,Abo kous,yes,yes,yes,NA,6.0,6,Jodie,yes,yes,yes,NA,12.0,12,Francela,yes,yes,yes,NA,5.0,5,Barood,yes,yes,yes,NA,6.5,6.5,Cilan,yes,yes,yes,NA,3.5,3.5,Aunat,yes,yes,yes,NA,4.5,4.5,Diana,yes,yes,yes,NA,11.0,11,No Brand,yes,no,NA,NA,NA,NA,NA,no,NA,NA,NA,NA,NA,NA,no,NA,NA,NA,NA,NA,no,NA,NA,NA,NA,NA,no,NA,NA,NA,NA,NA,no,NA,NA,NA,NA,NA,no,NA,NA,NA,NA,NA,yes,yes,yes,NA,1.0,1,Turkish,yes,yes,no,2.5,15.0,6,Arial,yes,yes,no,330.0,9.5,7.2,Sunsilk,yes,yes,yes,NA,5.0,5,Prill,yes,yes,yes,NA,2.5,2.5,Miswak,yes,yes,yes,NA,1.0,1,Miswak,yes,yes,yes,NA,3.5,3.5,Ahlam,yes,yes,yes,NA,20.0,20,Bodos,vhWnjS625dojve8hx4pZYi,11287378,074f42b0-a7cd-49e5-8f09-a1bddd80b6fb,2017-08-05T13:59:15,51
2017-08-05T15:01:38.199+01,2017-08-05T15:04:58.395+01,2017-08-05,LBY03,South,LBY0305,Wadi Ashshati,LBY030501,Brak,Brak,Brak interanc,bakery,NA,NA,NA,NA,NA,NA,NA,NA,NA,NA,NA,NA,NA,NA,NA,no,NA,NA,NA,NA,NA,NA,NA,NA,NA,NA,NA,NA,NA,NA,NA,NA,NA,NA,NA,NA,NA,NA,NA,NA,NA,NA,NA,NA,NA,NA,NA,NA,NA,NA,NA,NA,NA,NA,NA,NA,NA,NA,NA,NA,NA,NA,NA,NA,NA,NA,NA,NA,NA,NA,NA,NA,NA,NA,NA,NA,NA,NA,NA,NA,NA,NA,NA,NA,NA,NA,NA,NA,NA,NA,NA,NA,NA,NA,NA,NA,NA,NA,NA,NA,NA,NA,NA,NA,NA,NA,NA,NA,NA,NA,NA,NA,NA,NA,NA,NA,NA,NA,NA,NA,NA,NA,NA,NA,NA,NA,NA,NA,NA,NA,NA,NA,NA,NA,yes,yes,no,10,1.0,0.5,NA,NA,NA,NA,NA,NA,NA,NA,NA,NA,NA,NA,NA,NA,NA,NA,NA,NA,NA,NA,NA,NA,NA,NA,NA,NA,NA,NA,NA,NA,NA,NA,NA,NA,NA,NA,NA,NA,NA,NA,NA,NA,NA,NA,NA,NA,NA,NA,NA,NA,NA,NA,NA,NA,NA,NA,NA,NA,NA,NA,NA,NA,NA,NA,NA,NA,NA,NA,NA,NA,NA,NA,NA,NA,NA,NA,NA,NA,NA,NA,vhWnjS625dojve8hx4pZYi,11287426,45b68eee-b3f0-4f3c-a2c1-f00787a843e1,2017-08-05T14:05:10,52
2017-08-05T15:05:24.710+01,2017-08-05T15:10:30.861+01,2017-08-05,LBY03,South,LBY0305,Wadi Ashshati,LBY030501,Brak,Brak,Local vegetables Market,vegetable,NA,NA,NA,NA,NA,NA,NA,NA,NA,NA,NA,NA,NA,NA,NA,NA,NA,NA,NA,NA,NA,NA,NA,NA,NA,NA,NA,NA,NA,NA,NA,NA,NA,NA,NA,NA,NA,NA,NA,NA,NA,NA,NA,NA,NA,NA,NA,NA,NA,NA,NA,NA,NA,NA,NA,NA,NA,NA,NA,NA,NA,NA,NA,NA,NA,NA,NA,NA,NA,NA,NA,NA,NA,NA,NA,NA,NA,NA,NA,NA,NA,NA,NA,NA,NA,NA,NA,NA,NA,NA,NA,NA,NA,NA,NA,NA,NA,NA,NA,NA,NA,NA,NA,NA,NA,NA,NA,NA,NA,NA,NA,NA,NA,NA,NA,NA,NA,NA,NA,NA,NA,NA,NA,NA,NA,NA,NA,NA,NA,NA,NA,NA,NA,NA,NA,NA,NA,NA,NA,NA,yes,yes,yes,NA,2.5,2.5,yes,yes,yes,NA,2.5,2.5,yes,yes,yes,NA,4.0,4,yes,yes,yes,NA,3.0,3,NA,NA,NA,NA,NA,NA,NA,NA,NA,NA,NA,NA,NA,NA,NA,NA,NA,NA,NA,NA,NA,NA,NA,NA,NA,NA,NA,NA,NA,NA,NA,NA,NA,NA,NA,NA,NA,NA,NA,NA,NA,NA,NA,NA,NA,NA,NA,NA,NA,NA,NA,NA,NA,NA,NA,NA,vhWnjS625dojve8hx4pZYi,11287573,45cdf7f8-369f-4887-9c1f-20f6e8369313,2017-08-05T14:10:36,53
2017-08-05T15:10:48.895+01,2017-08-05T15:16:37.723+01,2017-08-05,LBY03,South,LBY0305,Wadi Ashshati,LBY030501,Brak,Brak,Local market,butcher,NA,NA,NA,NA,NA,NA,NA,NA,NA,NA,NA,NA,NA,NA,NA,NA,NA,NA,NA,NA,NA,NA,NA,NA,NA,NA,NA,NA,NA,NA,NA,NA,NA,NA,NA,NA,NA,NA,NA,NA,NA,NA,NA,NA,NA,NA,NA,NA,NA,NA,NA,NA,NA,NA,NA,NA,NA,NA,NA,NA,NA,NA,NA,NA,NA,NA,NA,NA,NA,NA,NA,NA,NA,NA,NA,NA,NA,NA,NA,NA,NA,NA,NA,NA,NA,NA,NA,NA,NA,NA,NA,NA,NA,NA,NA,NA,NA,NA,NA,NA,NA,NA,NA,NA,NA,NA,NA,NA,NA,NA,NA,NA,NA,NA,NA,NA,NA,NA,NA,NA,yes,yes,yes,NA,20.0,20,Local chicken,yes,yes,yes,NA,30.0,30,Local Sheep,NA,NA,NA,NA,NA,NA,NA,NA,NA,NA,NA,NA,NA,NA,NA,NA,NA,NA,NA,NA,NA,NA,NA,NA,NA,NA,NA,NA,NA,NA,NA,NA,NA,NA,NA,NA,NA,NA,NA,NA,NA,NA,NA,NA,NA,NA,NA,NA,NA,NA,NA,NA,NA,NA,NA,NA,NA,NA,NA,NA,NA,NA,NA,NA,NA,NA,NA,NA,NA,NA,NA,NA,NA,NA,NA,NA,NA,NA,NA,NA,NA,NA,NA,NA,NA,NA,vhWnjS625dojve8hx4pZYi,11287704,6cf9075c-f438-4512-95ea-e06a29b73bcd,2017-08-05T14:16:42,54
2017-08-05T19:22:35.351+02,2017-08-05T19:29:36.945+02,2017-08-05,LBY01,East,LBY0101,Derna,LBY010102,Derna,Derna,Elbilad,central_market,A1,NA,NA,NA,NA,NA,NA,NA,NA,NA,NA,NA,NA,NA,NA,NA,NA,NA,NA,NA,NA,NA,NA,NA,NA,NA,NA,NA,NA,NA,NA,NA,NA,NA,NA,NA,NA,NA,NA,NA,NA,NA,NA,NA,NA,NA,NA,NA,NA,NA,NA,NA,NA,NA,NA,NA,NA,NA,NA,NA,NA,NA,NA,NA,NA,NA,NA,NA,NA,NA,NA,NA,NA,NA,NA,NA,NA,NA,NA,NA,NA,NA,NA,NA,NA,NA,NA,NA,NA,NA,NA,NA,NA,NA,NA,NA,NA,NA,NA,NA,NA,NA,NA,NA,NA,NA,NA,NA,NA,NA,NA,NA,NA,NA,NA,NA,NA,NA,NA,NA,yes,yes,yes,NA,13.0,13,No brand,yes,yes,yes,NA,30.0,30,Locally meat,NA,NA,NA,NA,NA,NA,yes,yes,yes,NA,0.75,0.8,yes,yes,yes,NA,3.0,3,yes,yes,yes,NA,6.0,6,yes,no,NA,NA,NA,NA,NA,NA,NA,NA,NA,NA,NA,NA,NA,NA,NA,NA,NA,NA,NA,NA,NA,NA,NA,NA,NA,NA,NA,NA,NA,NA,NA,NA,NA,NA,NA,NA,NA,NA,NA,NA,NA,NA,NA,NA,NA,NA,NA,NA,NA,NA,NA,NA,NA,NA,NA,NA,NA,NA,NA,NA,vhWnjS625dojve8hx4pZYi,11293789,ff703414-f2d8-47c0-94c8-8778c3a23d29,2017-08-05T21:19:22,56
2017-08-05T19:57:46.440+02,2017-08-05T20:01:42.311+02,2017-08-05,LBY01,East,LBY0101,Derna,LBY010102,Derna,Derna,Elbilad,central_market,A2,NA,NA,NA,NA,NA,NA,NA,NA,NA,NA,NA,NA,NA,NA,NA,NA,NA,NA,NA,NA,NA,NA,NA,NA,NA,NA,NA,NA,NA,NA,NA,NA,NA,NA,NA,NA,NA,NA,NA,NA,NA,NA,NA,NA,NA,NA,NA,NA,NA,NA,NA,NA,NA,NA,NA,NA,NA,NA,NA,NA,NA,NA,NA,NA,NA,NA,NA,NA,NA,NA,NA,NA,NA,NA,NA,NA,NA,NA,NA,NA,NA,NA,NA,NA,NA,NA,NA,NA,NA,NA,NA,NA,NA,NA,NA,NA,NA,NA,NA,NA,NA,NA,NA,NA,NA,NA,NA,NA,NA,NA,NA,NA,NA,NA,NA,NA,NA,NA,NA,yes,yes,yes,NA,14.0,14,No brand,yes,yes,yes,NA,30.0,30,Locally meat,NA,NA,NA,NA,NA,NA,yes,yes,yes,NA,0.5,0.5,yes,yes,yes,NA,3.0,3,yes,yes,yes,NA,6.0,6,yes,no,NA,NA,NA,NA,NA,NA,NA,NA,NA,NA,NA,NA,NA,NA,NA,NA,NA,NA,NA,NA,NA,NA,NA,NA,NA,NA,NA,NA,NA,NA,NA,NA,NA,NA,NA,NA,NA,NA,NA,NA,NA,NA,NA,NA,NA,NA,NA,NA,NA,NA,NA,NA,NA,NA,NA,NA,NA,NA,NA,NA,vhWnjS625dojve8hx4pZYi,11293790,45689fdd-efa9-4e0f-88fa-da8164b0e2a8,2017-08-05T21:19:25,57
2017-08-02T18:54:48.881+02,2017-08-06T03:25:22.035+02,2017-08-02,LBY02,West,LBY0202,Nalut,LBY020205,Nalut,Nalut,شداد,vegetable,NA,NA,NA,NA,NA,NA,NA,NA,NA,NA,NA,NA,NA,NA,NA,NA,NA,NA,NA,NA,NA,NA,NA,NA,NA,NA,NA,NA,NA,NA,NA,NA,NA,NA,NA,NA,NA,NA,NA,NA,NA,NA,NA,NA,NA,NA,NA,NA,NA,NA,NA,NA,NA,NA,NA,NA,NA,NA,NA,NA,NA,NA,NA,NA,NA,NA,NA,NA,NA,NA,NA,NA,NA,NA,NA,NA,NA,NA,NA,NA,NA,NA,NA,NA,NA,NA,NA,NA,NA,NA,NA,NA,NA,NA,NA,NA,NA,NA,NA,NA,NA,NA,NA,NA,NA,NA,NA,NA,NA,NA,NA,NA,NA,NA,NA,NA,NA,NA,NA,NA,NA,NA,NA,NA,NA,NA,NA,NA,NA,NA,NA,NA,NA,NA,NA,NA,NA,NA,NA,NA,yes,yes,yes,NA,1.5,1.5,yes,yes,yes,NA,1.0,1,yes,yes,yes,NA,2.5,2.5,yes,yes,yes,NA,2.5,2.5,NA,NA,NA,NA,NA,NA,NA,NA,NA,NA,NA,NA,NA,NA,NA,NA,NA,NA,NA,NA,NA,NA,NA,NA,NA,NA,NA,NA,NA,NA,NA,NA,NA,NA,NA,NA,NA,NA,NA,NA,NA,NA,NA,NA,NA,NA,NA,NA,NA,NA,NA,NA,NA,NA,NA,NA,vhWnjS625dojve8hx4pZYi,11294353,0b6b41da-84fc-4fb4-a7c6-f3688e82e10c,2017-08-06T00:43:00,58
2017-08-02T19:55:49.521+02,2017-08-06T03:32:47.599+02,2017-08-01,LBY02,West,LBY0202,Nalut,LBY020205,Nalut,Nalut,نالوت,general_store,NA,yes,yes,yes,NA,1.0,1,الاسرة,yes,yes,yes,NA,3.25,3.3,الخليج,yes,yes,yes,NA,1.25,1.3,دقيق قمح فاخر,yes,yes,yes,NA,3.5,3.5,زاد الخير,yes,yes,yes,NA,1.75,1.8,Spiga,yes,yes,yes,NA,3.5,3.5,DIARI,yes,yes,yes,NA,1.0,1,De Rica,yes,yes,yes,NA,2.25,2.2999999999999998,Lord food,yes,yes,yes,NA,2.5,2.5,Lordfood,yes,yes,no,159.0,2.5,3.1,جودي,yes,yes,yes,NA,5.0,5,جودي,yes,yes,no,125.0,7.25,23.2,نيدو,yes,yes,yes,NA,6.0,6,شاي السهم,yes,yes,yes,NA,7.5,7.5,الوطنية,yes,yes,yes,NA,4.0,4,الصفوة,yes,yes,no,160.0,4.0,5,صن,yes,yes,yes,NA,6.5,6.5,لاشيء,no,NA,NA,NA,NA,NA,NA,no,NA,NA,NA,NA,NA,NA,yes,yes,yes,NA,1.25,1.3,no,NA,NA,NA,NA,NA,no,NA,NA,NA,NA,NA,no,NA,NA,NA,NA,NA,no,NA,NA,NA,NA,NA,no,NA,NA,NA,NA,NA,NA,yes,yes,no,0.12,0.75,6.3,Oxi,yes,yes,no,500.0,4.0,2,LAQUILA,yes,yes,no,0.7,2.5,3.6,النجمة الذهبية,yes,yes,no,50.0,2.5,5,كرست,yes,yes,yes,NA,NA,NA,Cobor,yes,yes,yes,NA,3.25,3.3,Lilas,yes,yes,no,40,21.25,15.9,Lilas Bebe,vhWnjS625dojve8hx4pZYi,11294354,78ec654d-616c-4a88-8d17-2b54b52aa6e7,2017-08-06T00:43:02,59
2017-08-02T20:30:16.961+02,2017-08-05T23:14:28.380+02,2017-08-01,LBY02,West,LBY0202,Nalut,LBY020205,Nalut,Nalut,نالوت,general_store,NA,yes,yes,yes,NA,1.0,1,كوتوزال,yes,yes,yes,NA,3.0,3,الملكة,yes,yes,yes,NA,1.25,1.3,الوسيط,yes,yes,yes,NA,3.5,3.5,الاسرة,yes,yes,yes,NA,1.5,1.5,الاميرة,yes,yes,yes,NA,4.0,4,Diari,yes,yes,yes,NA,1.25,1.3,الوسيط,yes,yes,yes,NA,2.5,2.5,LARA,yes,yes,yes,NA,2.5,2.5,Lordfood,yes,yes,no,170.0,1.75,2.1,بوني,yes,yes,yes,NA,4.5,4.5,مالكو,yes,yes,yes,NA,18.5,18.5,بيبيلاك,yes,yes,yes,NA,4.5,4.5,الجوهرة,yes,yes,yes,NA,7.0,7,شاي أجواد,yes,yes,yes,NA,2.5,2.5,المنارة,yes,yes,no,160.0,3.5,4.4000000000000004,الجيد,yes,yes,yes,NA,8.0,8,لاشيء,no,NA,NA,NA,NA,NA,NA,no,NA,NA,NA,NA,NA,NA,no,NA,NA,NA,NA,NA,no,NA,NA,NA,NA,NA,no,NA,NA,NA,NA,NA,no,NA,NA,NA,NA,NA,no,NA,NA,NA,NA,NA,yes,yes,yes,NA,1.5,1.5,Lux,yes,yes,no,0.12,1.5,12.5,النجمة,yes,yes,yes,NA,4.5,4.5,Capi lys,yes,yes,no,0.5,2.75,5.5,Waix,yes,yes,no,50,3.0,6,Signal,yes,yes,yes,NA,2.5,2.5,Morningfresh,yes,yes,yes,NA,3.25,3.3,Lilas,yes,yes,no,35,21.0,18,بودوس,vhWnjS625dojve8hx4pZYi,11294355,827fb17e-2584-47bd-9ecc-3f6c859891ee,2017-08-06T00:43:05,60
2017-08-02T23:56:55.737+02,2017-08-05T23:08:25.435+02,2017-08-02,LBY02,West,LBY0202,Nalut,LBY020205,Nalut,Nalut,نالوت,bakery,NA,NA,NA,NA,NA,NA,NA,NA,NA,NA,NA,NA,NA,NA,NA,no,NA,NA,NA,NA,NA,NA,NA,NA,NA,NA,NA,NA,NA,NA,NA,NA,NA,NA,NA,NA,NA,NA,NA,NA,NA,NA,NA,NA,NA,NA,NA,NA,NA,NA,NA,NA,NA,NA,NA,NA,NA,NA,NA,NA,NA,NA,NA,NA,NA,NA,NA,NA,NA,NA,NA,NA,NA,NA,NA,NA,NA,NA,NA,NA,NA,NA,NA,NA,NA,NA,NA,NA,NA,NA,NA,NA,NA,NA,NA,NA,NA,NA,NA,NA,NA,NA,NA,NA,NA,NA,NA,NA,NA,NA,NA,NA,NA,NA,NA,NA,NA,NA,NA,NA,NA,NA,NA,NA,NA,NA,NA,NA,NA,NA,NA,NA,NA,NA,yes,yes,yes,NA,1.0,1,NA,NA,NA,NA,NA,NA,NA,NA,NA,NA,NA,NA,NA,NA,NA,NA,NA,NA,NA,NA,NA,NA,NA,NA,NA,NA,NA,NA,NA,NA,NA,NA,NA,NA,NA,NA,NA,NA,NA,NA,NA,NA,NA,NA,NA,NA,NA,NA,NA,NA,NA,NA,NA,NA,NA,NA,NA,NA,NA,NA,NA,NA,NA,NA,NA,NA,NA,NA,NA,NA,NA,NA,NA,NA,NA,NA,NA,NA,NA,NA,vhWnjS625dojve8hx4pZYi,11294356,87ef43e2-a282-4ce9-bd0b-6e1975d294b5,2017-08-06T00:43:07,61
2017-08-02T00:00:36.926+02,2017-08-06T03:21:57.729+02,2017-08-02,LBY02,West,LBY0202,Nalut,LBY020205,Nalut,Nalut,نالوت,bakery,NA,NA,NA,NA,NA,NA,NA,NA,NA,NA,NA,NA,NA,NA,NA,no,NA,NA,NA,NA,NA,NA,NA,NA,NA,NA,NA,NA,NA,NA,NA,NA,NA,NA,NA,NA,NA,NA,NA,NA,NA,NA,NA,NA,NA,NA,NA,NA,NA,NA,NA,NA,NA,NA,NA,NA,NA,NA,NA,NA,NA,NA,NA,NA,NA,NA,NA,NA,NA,NA,NA,NA,NA,NA,NA,NA,NA,NA,NA,NA,NA,NA,NA,NA,NA,NA,NA,NA,NA,NA,NA,NA,NA,NA,NA,NA,NA,NA,NA,NA,NA,NA,NA,NA,NA,NA,NA,NA,NA,NA,NA,NA,NA,NA,NA,NA,NA,NA,NA,NA,NA,NA,NA,NA,NA,NA,NA,NA,NA,NA,NA,NA,NA,NA,yes,yes,yes,NA,1.0,1,NA,NA,NA,NA,NA,NA,NA,NA,NA,NA,NA,NA,NA,NA,NA,NA,NA,NA,NA,NA,NA,NA,NA,NA,NA,NA,NA,NA,NA,NA,NA,NA,NA,NA,NA,NA,NA,NA,NA,NA,NA,NA,NA,NA,NA,NA,NA,NA,NA,NA,NA,NA,NA,NA,NA,NA,NA,NA,NA,NA,NA,NA,NA,NA,NA,NA,NA,NA,NA,NA,NA,NA,NA,NA,NA,NA,NA,NA,NA,NA,vhWnjS625dojve8hx4pZYi,11294357,a4fd6212-2084-44ca-9bcc-d40860021c84,2017-08-06T00:43:10,62
2017-08-02T00:03:22.057+02,2017-08-05T23:25:22.091+02,2017-08-02,LBY02,West,LBY0202,Nalut,LBY020205,Nalut,Nalut,نالوت,bakery,NA,NA,NA,NA,NA,NA,NA,NA,NA,NA,NA,NA,NA,NA,NA,no,NA,NA,NA,NA,NA,NA,NA,NA,NA,NA,NA,NA,NA,NA,NA,NA,NA,NA,NA,NA,NA,NA,NA,NA,NA,NA,NA,NA,NA,NA,NA,NA,NA,NA,NA,NA,NA,NA,NA,NA,NA,NA,NA,NA,NA,NA,NA,NA,NA,NA,NA,NA,NA,NA,NA,NA,NA,NA,NA,NA,NA,NA,NA,NA,NA,NA,NA,NA,NA,NA,NA,NA,NA,NA,NA,NA,NA,NA,NA,NA,NA,NA,NA,NA,NA,NA,NA,NA,NA,NA,NA,NA,NA,NA,NA,NA,NA,NA,NA,NA,NA,NA,NA,NA,NA,NA,NA,NA,NA,NA,NA,NA,NA,NA,NA,NA,NA,NA,yes,yes,yes,NA,1.0,1,NA,NA,NA,NA,NA,NA,NA,NA,NA,NA,NA,NA,NA,NA,NA,NA,NA,NA,NA,NA,NA,NA,NA,NA,NA,NA,NA,NA,NA,NA,NA,NA,NA,NA,NA,NA,NA,NA,NA,NA,NA,NA,NA,NA,NA,NA,NA,NA,NA,NA,NA,NA,NA,NA,NA,NA,NA,NA,NA,NA,NA,NA,NA,NA,NA,NA,NA,NA,NA,NA,NA,NA,NA,NA,NA,NA,NA,NA,NA,NA,vhWnjS625dojve8hx4pZYi,11294358,2a684bb6-c86d-4a58-bf4c-6391042211cd,2017-08-06T00:43:13,63
2017-08-03T20:11:54.773+02,2017-08-05T23:29:59.371+02,2017-08-03,LBY02,West,LBY0202,Nalut,LBY020205,Nalut,Nalut,نالوت,general_store,NA,yes,yes,yes,NA,1.0,1,كوتوزال,yes,yes,yes,NA,3.5,3.5,سكر العافية,yes,yes,yes,NA,1.25,1.3,دقيق ممتاز,yes,yes,yes,NA,3.5,3.5,الاسرة,yes,yes,yes,NA,1.25,1.3,الاميرة,yes,yes,yes,NA,3.5,3.5,Diari,yes,yes,yes,NA,1.5,1.5,البستان,yes,yes,yes,NA,1.75,1.8,لوردفود,yes,yes,yes,NA,2.5,2.5,لوردفود,yes,yes,no,170.0,2.0,2.4,المراعي,yes,yes,yes,NA,4.5,4.5,Alda,yes,yes,no,200.0,5.5,11,الامين,yes,yes,yes,NA,5.5,5.5,الجوهرة,yes,yes,yes,NA,7.0,7,المضياف,yes,yes,yes,NA,3.5,3.5,أونات,yes,yes,no,185.0,4.0,4.3,ديانا,yes,yes,yes,NA,6.5,6.5,لاشيء,no,NA,NA,NA,NA,NA,NA,no,NA,NA,NA,NA,NA,NA,no,NA,NA,NA,NA,NA,no,NA,NA,NA,NA,NA,no,NA,NA,NA,NA,NA,no,NA,NA,NA,NA,NA,no,NA,NA,NA,NA,NA,yes,yes,yes,NA,1.0,1,elsil,yes,yes,no,0.12,1.0,8.3000000000000007,Oxi,yes,yes,no,200.0,5.0,6.3,CARE,yes,yes,no,0.73,3.75,5.0999999999999996,FEBA,yes,yes,no,50.0,3.0,6,Colgate,yes,yes,yes,NA,1.0,1,Morningfresh,yes,yes,no,15,3.0,2,Lilas,yes,yes,no,28,20.0,21.4,لاكي بيبي,vhWnjS625dojve8hx4pZYi,11294359,3dbe87f3-3834-4bf6-914e-8ba29bc779b7,2017-08-06T00:43:15,64
2017-08-03T20:39:03.854+02,2017-08-05T23:27:46.305+02,2017-08-03,LBY02,West,LBY0202,Nalut,LBY020205,Nalut,Nalut,نالوت,vegetable,NA,NA,NA,NA,NA,NA,NA,NA,NA,NA,NA,NA,NA,NA,NA,NA,NA,NA,NA,NA,NA,NA,NA,NA,NA,NA,NA,NA,NA,NA,NA,NA,NA,NA,NA,NA,NA,NA,NA,NA,NA,NA,NA,NA,NA,NA,NA,NA,NA,NA,NA,NA,NA,NA,NA,NA,NA,NA,NA,NA,NA,NA,NA,NA,NA,NA,NA,NA,NA,NA,NA,NA,NA,NA,NA,NA,NA,NA,NA,NA,NA,NA,NA,NA,NA,NA,NA,NA,NA,NA,NA,NA,NA,NA,NA,NA,NA,NA,NA,NA,NA,NA,NA,NA,NA,NA,NA,NA,NA,NA,NA,NA,NA,NA,NA,NA,NA,NA,NA,NA,NA,NA,NA,NA,NA,NA,NA,NA,NA,NA,NA,NA,NA,NA,NA,NA,NA,NA,NA,NA,yes,yes,yes,NA,1.5,1.5,yes,yes,yes,NA,2.0,2,yes,yes,yes,NA,2.5,2.5,yes,yes,yes,NA,2.75,2.8,NA,NA,NA,NA,NA,NA,NA,NA,NA,NA,NA,NA,NA,NA,NA,NA,NA,NA,NA,NA,NA,NA,NA,NA,NA,NA,NA,NA,NA,NA,NA,NA,NA,NA,NA,NA,NA,NA,NA,NA,NA,NA,NA,NA,NA,NA,NA,NA,NA,NA,NA,NA,NA,NA,NA,NA,vhWnjS625dojve8hx4pZYi,11294360,fc59a90e-b8ca-46d7-bb63-c0fa954d6281,2017-08-06T00:43:17,65
2017-08-03T21:01:16.795+02,2017-08-06T03:19:50.816+02,2017-08-03,LBY02,West,LBY0202,Nalut,LBY020205,Nalut,Nalut,نالوت,butcher,NA,NA,NA,NA,NA,NA,NA,NA,NA,NA,NA,NA,NA,NA,NA,NA,NA,NA,NA,NA,NA,NA,NA,NA,NA,NA,NA,NA,NA,NA,NA,NA,NA,NA,NA,NA,NA,NA,NA,NA,NA,NA,NA,NA,NA,NA,NA,NA,NA,NA,NA,NA,NA,NA,NA,NA,NA,NA,NA,NA,NA,NA,NA,NA,NA,NA,NA,NA,NA,NA,NA,NA,NA,NA,NA,NA,NA,NA,NA,NA,NA,NA,NA,NA,NA,NA,NA,NA,NA,NA,NA,NA,NA,NA,NA,NA,NA,NA,NA,NA,NA,NA,NA,NA,NA,NA,NA,NA,NA,NA,NA,NA,NA,NA,NA,NA,NA,NA,NA,NA,yes,yes,yes,NA,11.75,11.8,لاشيء,yes,yes,yes,NA,30.0,30,لاشيء,NA,NA,NA,NA,NA,NA,NA,NA,NA,NA,NA,NA,NA,NA,NA,NA,NA,NA,NA,NA,NA,NA,NA,NA,NA,NA,NA,NA,NA,NA,NA,NA,NA,NA,NA,NA,NA,NA,NA,NA,NA,NA,NA,NA,NA,NA,NA,NA,NA,NA,NA,NA,NA,NA,NA,NA,NA,NA,NA,NA,NA,NA,NA,NA,NA,NA,NA,NA,NA,NA,NA,NA,NA,NA,NA,NA,NA,NA,NA,NA,NA,NA,NA,NA,NA,NA,vhWnjS625dojve8hx4pZYi,11294361,9d339d23-705c-47a2-bfb5-3146215ca2a3,2017-08-06T00:43:20,66
2017-08-04T20:34:16.237+02,2017-08-05T23:19:57.123+02,2017-08-04,LBY02,West,LBY0202,Nalut,LBY020205,Nalut,Nalut,نالوت,vegetable,NA,NA,NA,NA,NA,NA,NA,NA,NA,NA,NA,NA,NA,NA,NA,NA,NA,NA,NA,NA,NA,NA,NA,NA,NA,NA,NA,NA,NA,NA,NA,NA,NA,NA,NA,NA,NA,NA,NA,NA,NA,NA,NA,NA,NA,NA,NA,NA,NA,NA,NA,NA,NA,NA,NA,NA,NA,NA,NA,NA,NA,NA,NA,NA,NA,NA,NA,NA,NA,NA,NA,NA,NA,NA,NA,NA,NA,NA,NA,NA,NA,NA,NA,NA,NA,NA,NA,NA,NA,NA,NA,NA,NA,NA,NA,NA,NA,NA,NA,NA,NA,NA,NA,NA,NA,NA,NA,NA,NA,NA,NA,NA,NA,NA,NA,NA,NA,NA,NA,NA,NA,NA,NA,NA,NA,NA,NA,NA,NA,NA,NA,NA,NA,NA,NA,NA,NA,NA,NA,NA,yes,yes,yes,NA,1.5,1.5,yes,yes,yes,NA,1.5,1.5,yes,yes,yes,NA,2.5,2.5,yes,yes,yes,NA,2.5,2.5,NA,NA,NA,NA,NA,NA,NA,NA,NA,NA,NA,NA,NA,NA,NA,NA,NA,NA,NA,NA,NA,NA,NA,NA,NA,NA,NA,NA,NA,NA,NA,NA,NA,NA,NA,NA,NA,NA,NA,NA,NA,NA,NA,NA,NA,NA,NA,NA,NA,NA,NA,NA,NA,NA,NA,NA,vhWnjS625dojve8hx4pZYi,11294362,2219099d-cf82-4e43-8cc6-d7f321d2c5c2,2017-08-06T00:43:22,67
2017-08-04T20:38:31.782+02,2017-08-05T23:20:34.905+02,2017-08-04,LBY02,West,LBY0202,Nalut,LBY020205,Nalut,Nalut,نالوت,butcher,NA,NA,NA,NA,NA,NA,NA,NA,NA,NA,NA,NA,NA,NA,NA,NA,NA,NA,NA,NA,NA,NA,NA,NA,NA,NA,NA,NA,NA,NA,NA,NA,NA,NA,NA,NA,NA,NA,NA,NA,NA,NA,NA,NA,NA,NA,NA,NA,NA,NA,NA,NA,NA,NA,NA,NA,NA,NA,NA,NA,NA,NA,NA,NA,NA,NA,NA,NA,NA,NA,NA,NA,NA,NA,NA,NA,NA,NA,NA,NA,NA,NA,NA,NA,NA,NA,NA,NA,NA,NA,NA,NA,NA,NA,NA,NA,NA,NA,NA,NA,NA,NA,NA,NA,NA,NA,NA,NA,NA,NA,NA,NA,NA,NA,NA,NA,NA,NA,NA,NA,no,NA,NA,NA,NA,NA,NA,yes,yes,yes,NA,28.0,28,لاشيء,NA,NA,NA,NA,NA,NA,NA,NA,NA,NA,NA,NA,NA,NA,NA,NA,NA,NA,NA,NA,NA,NA,NA,NA,NA,NA,NA,NA,NA,NA,NA,NA,NA,NA,NA,NA,NA,NA,NA,NA,NA,NA,NA,NA,NA,NA,NA,NA,NA,NA,NA,NA,NA,NA,NA,NA,NA,NA,NA,NA,NA,NA,NA,NA,NA,NA,NA,NA,NA,NA,NA,NA,NA,NA,NA,NA,NA,NA,NA,NA,NA,NA,NA,NA,NA,NA,vhWnjS625dojve8hx4pZYi,11294363,5ae8d364-8953-4baf-bf34-feedd03b8bed,2017-08-06T00:43:24,68
2017-08-04T20:53:33.140+02,2017-08-06T03:17:49.626+02,2017-08-04,LBY02,West,LBY0202,Nalut,LBY020205,Nalut,Nalut,نالوت,vegetable,NA,NA,NA,NA,NA,NA,NA,NA,NA,NA,NA,NA,NA,NA,NA,NA,NA,NA,NA,NA,NA,NA,NA,NA,NA,NA,NA,NA,NA,NA,NA,NA,NA,NA,NA,NA,NA,NA,NA,NA,NA,NA,NA,NA,NA,NA,NA,NA,NA,NA,NA,NA,NA,NA,NA,NA,NA,NA,NA,NA,NA,NA,NA,NA,NA,NA,NA,NA,NA,NA,NA,NA,NA,NA,NA,NA,NA,NA,NA,NA,NA,NA,NA,NA,NA,NA,NA,NA,NA,NA,NA,NA,NA,NA,NA,NA,NA,NA,NA,NA,NA,NA,NA,NA,NA,NA,NA,NA,NA,NA,NA,NA,NA,NA,NA,NA,NA,NA,NA,NA,NA,NA,NA,NA,NA,NA,NA,NA,NA,NA,NA,NA,NA,NA,NA,NA,NA,NA,NA,NA,yes,yes,yes,NA,1.25,1.3,yes,yes,yes,NA,2.0,2,yes,yes,yes,NA,2.5,2.5,yes,yes,yes,NA,2.5,2.5,NA,NA,NA,NA,NA,NA,NA,NA,NA,NA,NA,NA,NA,NA,NA,NA,NA,NA,NA,NA,NA,NA,NA,NA,NA,NA,NA,NA,NA,NA,NA,NA,NA,NA,NA,NA,NA,NA,NA,NA,NA,NA,NA,NA,NA,NA,NA,NA,NA,NA,NA,NA,NA,NA,NA,NA,vhWnjS625dojve8hx4pZYi,11294364,4dcdd590-37d2-441e-a981-c1ce240ce3b2,2017-08-06T00:43:26,69
2017-08-05T03:54:01.195+02,2017-08-06T03:20:41.793+02,2017-08-05,LBY02,West,LBY0202,Nalut,LBY020205,Nalut,Nalut,نالوت,bakery,NA,NA,NA,NA,NA,NA,NA,NA,NA,NA,NA,NA,NA,NA,NA,no,NA,NA,NA,NA,NA,NA,NA,NA,NA,NA,NA,NA,NA,NA,NA,NA,NA,NA,NA,NA,NA,NA,NA,NA,NA,NA,NA,NA,NA,NA,NA,NA,NA,NA,NA,NA,NA,NA,NA,NA,NA,NA,NA,NA,NA,NA,NA,NA,NA,NA,NA,NA,NA,NA,NA,NA,NA,NA,NA,NA,NA,NA,NA,NA,NA,NA,NA,NA,NA,NA,NA,NA,NA,NA,NA,NA,NA,NA,NA,NA,NA,NA,NA,NA,NA,NA,NA,NA,NA,NA,NA,NA,NA,NA,NA,NA,NA,NA,NA,NA,NA,NA,NA,NA,NA,NA,NA,NA,NA,NA,NA,NA,NA,NA,NA,NA,NA,NA,yes,yes,yes,NA,1.0,1,NA,NA,NA,NA,NA,NA,NA,NA,NA,NA,NA,NA,NA,NA,NA,NA,NA,NA,NA,NA,NA,NA,NA,NA,NA,NA,NA,NA,NA,NA,NA,NA,NA,NA,NA,NA,NA,NA,NA,NA,NA,NA,NA,NA,NA,NA,NA,NA,NA,NA,NA,NA,NA,NA,NA,NA,NA,NA,NA,NA,NA,NA,NA,NA,NA,NA,NA,NA,NA,NA,NA,NA,NA,NA,NA,NA,NA,NA,NA,NA,vhWnjS625dojve8hx4pZYi,11294365,7cafb69a-d4c3-4da0-a3a7-2e16f9a968c0,2017-08-06T00:43:28,70
2017-08-05T20:27:51.054+02,2017-08-05T23:15:08.894+02,2017-08-05,LBY02,West,LBY0202,Nalut,LBY020205,Nalut,Nalut,نالوت,butcher,NA,NA,NA,NA,NA,NA,NA,NA,NA,NA,NA,NA,NA,NA,NA,NA,NA,NA,NA,NA,NA,NA,NA,NA,NA,NA,NA,NA,NA,NA,NA,NA,NA,NA,NA,NA,NA,NA,NA,NA,NA,NA,NA,NA,NA,NA,NA,NA,NA,NA,NA,NA,NA,NA,NA,NA,NA,NA,NA,NA,NA,NA,NA,NA,NA,NA,NA,NA,NA,NA,NA,NA,NA,NA,NA,NA,NA,NA,NA,NA,NA,NA,NA,NA,NA,NA,NA,NA,NA,NA,NA,NA,NA,NA,NA,NA,NA,NA,NA,NA,NA,NA,NA,NA,NA,NA,NA,NA,NA,NA,NA,NA,NA,NA,NA,NA,NA,NA,NA,NA,yes,yes,yes,NA,10.0,10,لاشيء,no,NA,NA,NA,NA,NA,NA,NA,NA,NA,NA,NA,NA,NA,NA,NA,NA,NA,NA,NA,NA,NA,NA,NA,NA,NA,NA,NA,NA,NA,NA,NA,NA,NA,NA,NA,NA,NA,NA,NA,NA,NA,NA,NA,NA,NA,NA,NA,NA,NA,NA,NA,NA,NA,NA,NA,NA,NA,NA,NA,NA,NA,NA,NA,NA,NA,NA,NA,NA,NA,NA,NA,NA,NA,NA,NA,NA,NA,NA,NA,NA,NA,NA,NA,NA,NA,NA,NA,NA,NA,NA,NA,NA,vhWnjS625dojve8hx4pZYi,11294366,1959baea-535e-4802-9b86-2754210c0896,2017-08-06T00:43:30,71
2017-08-05T20:36:08.147+02,2017-08-05T23:28:21.960+02,2017-08-05,LBY02,West,LBY0202,Nalut,LBY020205,Nalut,Nalut,نالوت,butcher,NA,NA,NA,NA,NA,NA,NA,NA,NA,NA,NA,NA,NA,NA,NA,NA,NA,NA,NA,NA,NA,NA,NA,NA,NA,NA,NA,NA,NA,NA,NA,NA,NA,NA,NA,NA,NA,NA,NA,NA,NA,NA,NA,NA,NA,NA,NA,NA,NA,NA,NA,NA,NA,NA,NA,NA,NA,NA,NA,NA,NA,NA,NA,NA,NA,NA,NA,NA,NA,NA,NA,NA,NA,NA,NA,NA,NA,NA,NA,NA,NA,NA,NA,NA,NA,NA,NA,NA,NA,NA,NA,NA,NA,NA,NA,NA,NA,NA,NA,NA,NA,NA,NA,NA,NA,NA,NA,NA,NA,NA,NA,NA,NA,NA,NA,NA,NA,NA,NA,NA,yes,yes,yes,NA,18.5,18.5,لا شيء,yes,yes,yes,NA,30.0,30,لاشيء,NA,NA,NA,NA,NA,NA,NA,NA,NA,NA,NA,NA,NA,NA,NA,NA,NA,NA,NA,NA,NA,NA,NA,NA,NA,NA,NA,NA,NA,NA,NA,NA,NA,NA,NA,NA,NA,NA,NA,NA,NA,NA,NA,NA,NA,NA,NA,NA,NA,NA,NA,NA,NA,NA,NA,NA,NA,NA,NA,NA,NA,NA,NA,NA,NA,NA,NA,NA,NA,NA,NA,NA,NA,NA,NA,NA,NA,NA,NA,NA,NA,NA,NA,NA,NA,NA,vhWnjS625dojve8hx4pZYi,11294367,0d85c1c5-f439-40b9-aa00-dc31c53c3467,2017-08-06T00:43:33,72
2017-08-02T18:21:44.314+02,2017-08-06T03:36:55.872+02,2017-08-02,LBY02,West,LBY0202,Nalut,LBY020205,Nalut,Nalut,شداد,general_store,NA,yes,yes,yes,NA,1.0,1,ملح الاسرة,yes,yes,yes,NA,3.5,3.5,الخليج,yes,yes,yes,NA,1.25,1.3,لاشيء,yes,yes,yes,NA,3.5,3.5,الامير,yes,yes,yes,NA,1.5,1.5,الجوهرة,yes,yes,yes,NA,3.75,3.8,الاميرة,yes,yes,yes,NA,1.25,1.3,الصفوة,yes,yes,yes,NA,2.5,2.5,LARA,yes,yes,yes,NA,2.5,2.5,Anna,yes,yes,no,170.0,2.25,2.6,المراعي,yes,yes,yes,NA,5.0,5,ستيريل غاردا,no,NA,NA,NA,NA,NA,NA,yes,yes,yes,NA,6.0,6,الجوهرة,yes,yes,yes,NA,7.0,7,Royal,yes,yes,yes,NA,4.5,4.5,الصفوة,yes,yes,no,160.0,3.5,4.4000000000000004,ALDA,yes,yes,yes,NA,7.5,7.5,لاشيء,no,NA,NA,NA,NA,NA,NA,no,NA,NA,NA,NA,NA,NA,no,NA,NA,NA,NA,NA,no,NA,NA,NA,NA,NA,no,NA,NA,NA,NA,NA,no,NA,NA,NA,NA,NA,no,NA,NA,NA,NA,NA,yes,yes,yes,NA,1.0,1,Claudiana,yes,yes,no,0.12,0.75,6.3,Oxi,yes,yes,no,200.0,3.5,4.4000000000000004,MOIST,yes,yes,no,0.5,2.5,5,nexil oxy,yes,yes,yes,NA,6.5,6.5,كرست,yes,yes,yes,NA,1.25,1.3,Solo,yes,yes,yes,NA,3.25,3.3,Lilas,yes,yes,no,25,20.0,24,Libero PEAUDOUCE,vhWnjS625dojve8hx4pZYi,11294369,18bb8fee-5062-4685-9974-825e171e33f3,2017-08-06T00:44:07,73
2017-08-06T19:56:00.200+02,2017-08-06T20:08:41.123+02,2017-08-06,LBY01,East,LBY0101,Derna,LBY010102,Derna,Derna,Elbilad,general_store,NA,yes,yes,no,0.25,0.5,2,Bono,yes,yes,no,0.5,2.0,4,No brand,yes,no,NA,NA,NA,NA,NA,yes,no,NA,NA,NA,NA,NA,yes,yes,yes,NA,2.0,2,Spiga,yes,yes,yes,NA,4.0,4,Diari,yes,yes,yes,NA,2.0,2,Marwa,yes,yes,yes,NA,3.0,3,California,yes,yes,yes,NA,2.5,2.5,California,yes,yes,no,380.0,4.0,2.1,Alzahrat,yes,yes,yes,NA,4.5,4.5,Milkcow,yes,no,NA,NA,NA,NA,NA,yes,yes,yes,NA,6.5,6.5,Aljabl,yes,yes,yes,NA,8.0,8,Alzhra,yes,yes,yes,NA,4.0,4,Alraqi,yes,yes,no,80.0,2.0,5,Alshiraa,yes,no,NA,NA,NA,NA,NA,yes,no,NA,NA,NA,NA,NA,no,NA,NA,NA,NA,NA,NA,no,NA,NA,NA,NA,NA,no,NA,NA,NA,NA,NA,no,NA,NA,NA,NA,NA,no,NA,NA,NA,NA,NA,no,NA,NA,NA,NA,NA,yes,yes,yes,NA,1.0,1,Olive,yes,yes,no,0.12,1.0,8.3000000000000007,Wash,yes,yes,no,600.0,8.0,3.3,Hope,yes,no,NA,NA,NA,NA,NA,yes,yes,yes,NA,6.0,6,Miswak,yes,yes,yes,NA,2.0,2,Miswak,yes,yes,yes,NA,2.5,2.5,Fam,yes,no,NA,NA,NA,NA,NA,vhWnjS625dojve8hx4pZYi,11314247,be45e356-fc43-4434-aa47-4eb983098015,2017-08-06T22:36:09,77
2017-08-06T20:27:35.394+02,2017-08-06T20:47:34.651+02,2017-08-06,LBY01,East,LBY0101,Derna,LBY010102,Derna,Derna,Elbilad,general_store,NA,yes,yes,no,0.25,0.5,2,Bono,yes,yes,yes,NA,3.0,3,Crystal,yes,yes,yes,NA,2.0,2,Warda,yes,yes,yes,NA,4.0,4,Alrabi,yes,yes,yes,NA,1.25,1.3,Alqoptan,yes,yes,yes,NA,3.5,3.5,Diari,yes,yes,yes,NA,2.0,2,Almarwa,yes,yes,yes,NA,3.0,3,California,yes,yes,yes,NA,2.5,2.5,California,yes,yes,no,380.0,4.0,2.1,Judi,yes,yes,yes,NA,4.0,4,Judi,yes,yes,yes,NA,12.0,12,France lait,yes,yes,yes,NA,6.5,6.5,Alsiny,yes,yes,yes,NA,8.0,8,Alzahra,yes,yes,no,0.8,2.0,2.5,Alhilwa,yes,yes,no,180.0,4.5,5,Alsiad,yes,no,NA,NA,NA,NA,NA,yes,yes,yes,NA,14.0,14,Sadia,yes,yes,no,0.4,15.0,37.5,No brand,no,NA,NA,NA,NA,NA,yes,yes,yes,NA,1.0,1,yes,yes,yes,NA,3.5,3.5,yes,yes,yes,NA,5.0,5,yes,no,NA,NA,NA,NA,yes,yes,yes,NA,1.0,1,Fax,yes,yes,no,0.4,3.5,8.8000000000000007,Wash,yes,yes,no,600.0,7.0,2.9,Olive,yes,yes,yes,NA,3.0,3,Alnassim,yes,yes,yes,NA,6.0,6,Signal,yes,yes,yes,NA,1.5,1.5,Classic,yes,yes,yes,NA,2.5,2.5,Fam,yes,yes,no,35,19.0,16.3,Lucky baby,vhWnjS625dojve8hx4pZYi,11314248,b23c86c3-1a17-41ed-bbfe-aada05142091,2017-08-06T22:36:11,78
2017-08-06T21:21:08.187+02,2017-08-06T23:59:07.614+02,2017-08-06,LBY01,East,LBY0101,Derna,LBY010102,Derna,Derna,Shiha,general_store,NA,yes,yes,no,0.5,1.0,2,No brand,yes,yes,yes,NA,3.0,3,Alseiada,yes,yes,yes,NA,1.5,1.5,Warda,yes,yes,yes,NA,4.0,4,Alafia,yes,yes,yes,NA,1.5,1.5,Napoli,yes,yes,yes,NA,4.0,4,Dairi,yes,yes,yes,NA,2.0,2,Marwa,yes,yes,yes,NA,2.5,2.5,California,yes,yes,yes,NA,2.0,2,California,yes,yes,no,380.0,5.0,2.6,Judi,yes,yes,yes,NA,4.0,4,Johina,yes,yes,yes,NA,13.0,13,Swislac,yes,yes,yes,NA,6.0,6,Aljabl,yes,yes,yes,NA,7.5,7.5,Alzahra,yes,yes,yes,NA,3.0,3,Alraqi,yes,yes,no,180.0,4.5,5,Alamir,yes,no,NA,NA,NA,NA,NA,yes,no,NA,NA,NA,NA,NA,yes,yes,no,0.5,15.0,30,No brand,yes,no,NA,NA,NA,NA,yes,yes,yes,NA,1.0,1,yes,yes,yes,NA,3.5,3.5,yes,yes,yes,NA,5.5,5.5,yes,no,NA,NA,NA,NA,yes,yes,yes,NA,1.0,1,Fax,yes,yes,no,0.4,3.75,9.4,Wash,yes,yes,no,450.0,6.0,3.3,Takko,yes,yes,yes,NA,3.0,3,Rein,yes,yes,yes,NA,6.0,6,Siqnal,yes,yes,yes,NA,2.0,2,Classic,yes,yes,yes,NA,2.0,2,Fam,yes,yes,no,35,19.0,16.3,Babydous,vhWnjS625dojve8hx4pZYi,11314249,598d39ba-305d-4430-86f0-1fd1e53ff4df,2017-08-06T22:36:12,79
2017-08-07T17:27:17.734+01,2017-08-07T17:30:49.886+01,2017-08-07,LBY03,South,LBY0305,Wadi Ashshati,LBY030501,Brak,Brak,Local market,butcher,NA,NA,NA,NA,NA,NA,NA,NA,NA,NA,NA,NA,NA,NA,NA,NA,NA,NA,NA,NA,NA,NA,NA,NA,NA,NA,NA,NA,NA,NA,NA,NA,NA,NA,NA,NA,NA,NA,NA,NA,NA,NA,NA,NA,NA,NA,NA,NA,NA,NA,NA,NA,NA,NA,NA,NA,NA,NA,NA,NA,NA,NA,NA,NA,NA,NA,NA,NA,NA,NA,NA,NA,NA,NA,NA,NA,NA,NA,NA,NA,NA,NA,NA,NA,NA,NA,NA,NA,NA,NA,NA,NA,NA,NA,NA,NA,NA,NA,NA,NA,NA,NA,NA,NA,NA,NA,NA,NA,NA,NA,NA,NA,NA,NA,NA,NA,NA,NA,NA,NA,yes,yes,no,1.7,20.0,11.8,Local,yes,yes,yes,NA,30.0,30,Local Sheep,NA,NA,NA,NA,NA,NA,NA,NA,NA,NA,NA,NA,NA,NA,NA,NA,NA,NA,NA,NA,NA,NA,NA,NA,NA,NA,NA,NA,NA,NA,NA,NA,NA,NA,NA,NA,NA,NA,NA,NA,NA,NA,NA,NA,NA,NA,NA,NA,NA,NA,NA,NA,NA,NA,NA,NA,NA,NA,NA,NA,NA,NA,NA,NA,NA,NA,NA,NA,NA,NA,NA,NA,NA,NA,NA,NA,NA,NA,NA,NA,NA,NA,NA,NA,NA,NA,vhWnjS625dojve8hx4pZYi,11341489,53c93e58-2475-465e-a821-21d160bee6be,2017-08-07T16:31:11,83
2017-08-07T17:31:32.874+01,2017-08-07T17:33:25.866+01,2017-08-07,LBY03,South,LBY0305,Wadi Ashshati,LBY030501,Brak,Brak,Brak interanc,bakery,NA,NA,NA,NA,NA,NA,NA,NA,NA,NA,NA,NA,NA,NA,NA,no,NA,NA,NA,NA,NA,NA,NA,NA,NA,NA,NA,NA,NA,NA,NA,NA,NA,NA,NA,NA,NA,NA,NA,NA,NA,NA,NA,NA,NA,NA,NA,NA,NA,NA,NA,NA,NA,NA,NA,NA,NA,NA,NA,NA,NA,NA,NA,NA,NA,NA,NA,NA,NA,NA,NA,NA,NA,NA,NA,NA,NA,NA,NA,NA,NA,NA,NA,NA,NA,NA,NA,NA,NA,NA,NA,NA,NA,NA,NA,NA,NA,NA,NA,NA,NA,NA,NA,NA,NA,NA,NA,NA,NA,NA,NA,NA,NA,NA,NA,NA,NA,NA,NA,NA,NA,NA,NA,NA,NA,NA,NA,NA,NA,NA,NA,NA,NA,NA,yes,yes,no,10,1.0,0.5,NA,NA,NA,NA,NA,NA,NA,NA,NA,NA,NA,NA,NA,NA,NA,NA,NA,NA,NA,NA,NA,NA,NA,NA,NA,NA,NA,NA,NA,NA,NA,NA,NA,NA,NA,NA,NA,NA,NA,NA,NA,NA,NA,NA,NA,NA,NA,NA,NA,NA,NA,NA,NA,NA,NA,NA,NA,NA,NA,NA,NA,NA,NA,NA,NA,NA,NA,NA,NA,NA,NA,NA,NA,NA,NA,NA,NA,NA,NA,NA,vhWnjS625dojve8hx4pZYi,11341572,57072668-63c9-4553-a307-2ac5a1d631fe,2017-08-07T16:34:55,84
2017-08-07T17:33:36.482+01,2017-08-07T17:34:52.547+01,2017-08-07,LBY03,South,LBY0305,Wadi Ashshati,LBY030501,Brak,Brak,Turkiat,bakery,NA,NA,NA,NA,NA,NA,NA,NA,NA,NA,NA,NA,NA,NA,NA,no,NA,NA,NA,NA,NA,NA,NA,NA,NA,NA,NA,NA,NA,NA,NA,NA,NA,NA,NA,NA,NA,NA,NA,NA,NA,NA,NA,NA,NA,NA,NA,NA,NA,NA,NA,NA,NA,NA,NA,NA,NA,NA,NA,NA,NA,NA,NA,NA,NA,NA,NA,NA,NA,NA,NA,NA,NA,NA,NA,NA,NA,NA,NA,NA,NA,NA,NA,NA,NA,NA,NA,NA,NA,NA,NA,NA,NA,NA,NA,NA,NA,NA,NA,NA,NA,NA,NA,NA,NA,NA,NA,NA,NA,NA,NA,NA,NA,NA,NA,NA,NA,NA,NA,NA,NA,NA,NA,NA,NA,NA,NA,NA,NA,NA,NA,NA,NA,NA,yes,yes,no,10,1.0,0.5,NA,NA,NA,NA,NA,NA,NA,NA,NA,NA,NA,NA,NA,NA,NA,NA,NA,NA,NA,NA,NA,NA,NA,NA,NA,NA,NA,NA,NA,NA,NA,NA,NA,NA,NA,NA,NA,NA,NA,NA,NA,NA,NA,NA,NA,NA,NA,NA,NA,NA,NA,NA,NA,NA,NA,NA,NA,NA,NA,NA,NA,NA,NA,NA,NA,NA,NA,NA,NA,NA,NA,NA,NA,NA,NA,NA,NA,NA,NA,NA,vhWnjS625dojve8hx4pZYi,11341574,c60a03c5-3fd7-40bb-8246-c204e9a5942b,2017-08-07T16:34:57,85
2017-08-07T17:35:17.447+01,2017-08-07T17:36:44.953+01,2017-08-07,LBY03,South,LBY0305,Wadi Ashshati,LBY030501,Brak,Brak,Altaqnia road,butcher,NA,NA,NA,NA,NA,NA,NA,NA,NA,NA,NA,NA,NA,NA,NA,NA,NA,NA,NA,NA,NA,NA,NA,NA,NA,NA,NA,NA,NA,NA,NA,NA,NA,NA,NA,NA,NA,NA,NA,NA,NA,NA,NA,NA,NA,NA,NA,NA,NA,NA,NA,NA,NA,NA,NA,NA,NA,NA,NA,NA,NA,NA,NA,NA,NA,NA,NA,NA,NA,NA,NA,NA,NA,NA,NA,NA,NA,NA,NA,NA,NA,NA,NA,NA,NA,NA,NA,NA,NA,NA,NA,NA,NA,NA,NA,NA,NA,NA,NA,NA,NA,NA,NA,NA,NA,NA,NA,NA,NA,NA,NA,NA,NA,NA,NA,NA,NA,NA,NA,NA,no,NA,NA,NA,NA,NA,NA,yes,yes,yes,NA,25.0,25,Esbani,NA,NA,NA,NA,NA,NA,NA,NA,NA,NA,NA,NA,NA,NA,NA,NA,NA,NA,NA,NA,NA,NA,NA,NA,NA,NA,NA,NA,NA,NA,NA,NA,NA,NA,NA,NA,NA,NA,NA,NA,NA,NA,NA,NA,NA,NA,NA,NA,NA,NA,NA,NA,NA,NA,NA,NA,NA,NA,NA,NA,NA,NA,NA,NA,NA,NA,NA,NA,NA,NA,NA,NA,NA,NA,NA,NA,NA,NA,NA,NA,NA,NA,NA,NA,NA,NA,vhWnjS625dojve8hx4pZYi,11341655,0d547d26-5def-4318-abc2-b56a7b4f6266,2017-08-07T16:38:42,86
2017-08-07T17:36:57.300+01,2017-08-07T17:38:39.157+01,2017-08-07,LBY03,South,LBY0305,Wadi Ashshati,LBY030501,Brak,Brak,Local market,butcher,NA,NA,NA,NA,NA,NA,NA,NA,NA,NA,NA,NA,NA,NA,NA,NA,NA,NA,NA,NA,NA,NA,NA,NA,NA,NA,NA,NA,NA,NA,NA,NA,NA,NA,NA,NA,NA,NA,NA,NA,NA,NA,NA,NA,NA,NA,NA,NA,NA,NA,NA,NA,NA,NA,NA,NA,NA,NA,NA,NA,NA,NA,NA,NA,NA,NA,NA,NA,NA,NA,NA,NA,NA,NA,NA,NA,NA,NA,NA,NA,NA,NA,NA,NA,NA,NA,NA,NA,NA,NA,NA,NA,NA,NA,NA,NA,NA,NA,NA,NA,NA,NA,NA,NA,NA,NA,NA,NA,NA,NA,NA,NA,NA,NA,NA,NA,NA,NA,NA,NA,no,NA,NA,NA,NA,NA,NA,yes,yes,yes,NA,30.0,30,Local Sheep,NA,NA,NA,NA,NA,NA,NA,NA,NA,NA,NA,NA,NA,NA,NA,NA,NA,NA,NA,NA,NA,NA,NA,NA,NA,NA,NA,NA,NA,NA,NA,NA,NA,NA,NA,NA,NA,NA,NA,NA,NA,NA,NA,NA,NA,NA,NA,NA,NA,NA,NA,NA,NA,NA,NA,NA,NA,NA,NA,NA,NA,NA,NA,NA,NA,NA,NA,NA,NA,NA,NA,NA,NA,NA,NA,NA,NA,NA,NA,NA,NA,NA,NA,NA,NA,NA,vhWnjS625dojve8hx4pZYi,11341657,05403d28-2705-48a3-a9b9-2487fe638301,2017-08-07T16:38:43,87
2017-08-07T17:39:25.524+01,2017-08-07T17:42:28.972+01,2017-08-07,LBY03,South,LBY0305,Wadi Ashshati,LBY030501,Brak,Brak,Local market,vegetable,NA,NA,NA,NA,NA,NA,NA,NA,NA,NA,NA,NA,NA,NA,NA,NA,NA,NA,NA,NA,NA,NA,NA,NA,NA,NA,NA,NA,NA,NA,NA,NA,NA,NA,NA,NA,NA,NA,NA,NA,NA,NA,NA,NA,NA,NA,NA,NA,NA,NA,NA,NA,NA,NA,NA,NA,NA,NA,NA,NA,NA,NA,NA,NA,NA,NA,NA,NA,NA,NA,NA,NA,NA,NA,NA,NA,NA,NA,NA,NA,NA,NA,NA,NA,NA,NA,NA,NA,NA,NA,NA,NA,NA,NA,NA,NA,NA,NA,NA,NA,NA,NA,NA,NA,NA,NA,NA,NA,NA,NA,NA,NA,NA,NA,NA,NA,NA,NA,NA,NA,NA,NA,NA,NA,NA,NA,NA,NA,NA,NA,NA,NA,NA,NA,NA,NA,NA,NA,NA,NA,yes,yes,yes,NA,2.5,2.5,yes,yes,yes,NA,2.5,2.5,yes,yes,yes,NA,4.0,4,yes,yes,yes,NA,3.0,3,NA,NA,NA,NA,NA,NA,NA,NA,NA,NA,NA,NA,NA,NA,NA,NA,NA,NA,NA,NA,NA,NA,NA,NA,NA,NA,NA,NA,NA,NA,NA,NA,NA,NA,NA,NA,NA,NA,NA,NA,NA,NA,NA,NA,NA,NA,NA,NA,NA,NA,NA,NA,NA,NA,NA,NA,vhWnjS625dojve8hx4pZYi,11341871,b8c44002-e2f2-45d0-b0d1-e5f4d7d7ca3f,2017-08-07T16:45:42,88
2017-08-07T17:42:35.386+01,2017-08-07T17:43:53.533+01,2017-08-07,LBY03,South,LBY0305,Wadi Ashshati,LBY030501,Brak,Brak,Local market,vegetable,NA,NA,NA,NA,NA,NA,NA,NA,NA,NA,NA,NA,NA,NA,NA,NA,NA,NA,NA,NA,NA,NA,NA,NA,NA,NA,NA,NA,NA,NA,NA,NA,NA,NA,NA,NA,NA,NA,NA,NA,NA,NA,NA,NA,NA,NA,NA,NA,NA,NA,NA,NA,NA,NA,NA,NA,NA,NA,NA,NA,NA,NA,NA,NA,NA,NA,NA,NA,NA,NA,NA,NA,NA,NA,NA,NA,NA,NA,NA,NA,NA,NA,NA,NA,NA,NA,NA,NA,NA,NA,NA,NA,NA,NA,NA,NA,NA,NA,NA,NA,NA,NA,NA,NA,NA,NA,NA,NA,NA,NA,NA,NA,NA,NA,NA,NA,NA,NA,NA,NA,NA,NA,NA,NA,NA,NA,NA,NA,NA,NA,NA,NA,NA,NA,NA,NA,NA,NA,NA,NA,yes,yes,yes,NA,2.5,2.5,yes,yes,yes,NA,2.5,2.5,yes,yes,yes,NA,4.0,4,yes,yes,yes,NA,3.0,3,NA,NA,NA,NA,NA,NA,NA,NA,NA,NA,NA,NA,NA,NA,NA,NA,NA,NA,NA,NA,NA,NA,NA,NA,NA,NA,NA,NA,NA,NA,NA,NA,NA,NA,NA,NA,NA,NA,NA,NA,NA,NA,NA,NA,NA,NA,NA,NA,NA,NA,NA,NA,NA,NA,NA,NA,vhWnjS625dojve8hx4pZYi,11341874,4ea497a3-8bd3-48cc-8b22-65faa37bdaab,2017-08-07T16:45:45,89
2017-08-07T17:43:57.373+01,2017-08-07T17:45:37.049+01,2017-08-07,LBY03,South,LBY0305,Wadi Ashshati,LBY030501,Brak,Brak,Local market,vegetable,NA,NA,NA,NA,NA,NA,NA,NA,NA,NA,NA,NA,NA,NA,NA,NA,NA,NA,NA,NA,NA,NA,NA,NA,NA,NA,NA,NA,NA,NA,NA,NA,NA,NA,NA,NA,NA,NA,NA,NA,NA,NA,NA,NA,NA,NA,NA,NA,NA,NA,NA,NA,NA,NA,NA,NA,NA,NA,NA,NA,NA,NA,NA,NA,NA,NA,NA,NA,NA,NA,NA,NA,NA,NA,NA,NA,NA,NA,NA,NA,NA,NA,NA,NA,NA,NA,NA,NA,NA,NA,NA,NA,NA,NA,NA,NA,NA,NA,NA,NA,NA,NA,NA,NA,NA,NA,NA,NA,NA,NA,NA,NA,NA,NA,NA,NA,NA,NA,NA,NA,NA,NA,NA,NA,NA,NA,NA,NA,NA,NA,NA,NA,NA,NA,NA,NA,NA,NA,NA,NA,yes,yes,yes,NA,2.5,2.5,yes,yes,yes,NA,2.5,2.5,yes,yes,yes,NA,4.0,4,yes,yes,yes,NA,3.0,3,NA,NA,NA,NA,NA,NA,NA,NA,NA,NA,NA,NA,NA,NA,NA,NA,NA,NA,NA,NA,NA,NA,NA,NA,NA,NA,NA,NA,NA,NA,NA,NA,NA,NA,NA,NA,NA,NA,NA,NA,NA,NA,NA,NA,NA,NA,NA,NA,NA,NA,NA,NA,NA,NA,NA,NA,vhWnjS625dojve8hx4pZYi,11341878,7a737150-d7c8-417c-b2f2-8e12a7524016,2017-08-07T16:45:49,90
2017-08-07T23:37:57.530+02,2017-08-08T01:44:15.848+02,2017-08-07,LBY03,South,LBY0306,Sebha,LBY030601,Sebha,Sebha,Aljadeed,general_store,NA,yes,yes,yes,NA,1.0,1,COTUZAL,yes,yes,yes,NA,3.5,3.5,ANNAJMA,yes,yes,yes,NA,1.5,1.5,ALMAZRAA,yes,yes,yes,NA,3.5,3.5,ALWAHA,yes,yes,yes,NA,1.75,1.8,SPIGA,yes,yes,yes,NA,3.75,3.8,DIARI,yes,yes,yes,NA,1.25,1.3,COSTA,yes,yes,yes,NA,2.5,2.5,LARA,yes,yes,yes,NA,2.5,2.5,LARA,yes,yes,no,170.0,2.5,2.9,ASSAHAM,yes,yes,yes,NA,5.0,5,JUDI,yes,yes,yes,NA,23.0,23,BEBELAC,yes,yes,yes,NA,5.0,5,NABT,yes,yes,yes,NA,7.5,7.5,ASSAHAM,yes,yes,yes,NA,3.5,3.5,ELMANARA,yes,yes,no,140.0,3.75,5.4,MURJAN,yes,yes,yes,NA,12.0,12,No brand,yes,yes,yes,NA,17.0,17,No brand,yes,yes,yes,NA,21.0,21,No brand,yes,yes,no,10,1.0,0.5,yes,yes,yes,NA,2.0,2,yes,yes,yes,NA,2.5,2.5,yes,yes,yes,NA,4.0,4,yes,yes,yes,NA,3.5,3.5,yes,yes,yes,NA,1.25,1.3,HAVANA,yes,yes,no,3.0,25.0,8.3000000000000007,DIXAN,yes,yes,yes,NA,6.0,6,SUNSILK,yes,yes,no,5.0,7.5,1.5,No brand,yes,yes,yes,NA,7.0,7,SIGNAL,yes,yes,yes,NA,4.0,4,ORAL-B,yes,yes,yes,NA,3.5,3.5,NANA,yes,yes,yes,NA,13.5,13.5,BEBEM,vhWnjS625dojve8hx4pZYi,11348723,ab090923-ee9e-4cae-a234-b87495757c7a,2017-08-07T23:49:16,91
2017-08-08T00:07:28.335+02,2017-08-08T01:42:09.119+02,2017-08-08,LBY03,South,LBY0306,Sebha,LBY030601,Sebha,Sebha,Agaied,general_store,NA,yes,yes,yes,NA,1.0,1,COTUZAL,yes,yes,yes,NA,3.75,3.8,ANNAJMA,yes,yes,yes,NA,1.5,1.5,ALHASAD,yes,yes,yes,NA,3.5,3.5,ALAMIR,yes,yes,yes,NA,1.75,1.8,SPIGA,yes,yes,yes,NA,4.0,4,DIARI,yes,yes,yes,NA,1.5,1.5,COSTA,yes,yes,yes,NA,2.5,2.5,ROZANA,yes,yes,yes,NA,2.5,2.5,LARA,yes,yes,no,170.0,1.75,2.1,JUDI,yes,yes,yes,NA,5.0,5,JUDI,yes,yes,yes,NA,12.5,12.5,APTAMIL,yes,yes,yes,NA,5.0,5,NABT,yes,yes,yes,NA,7.5,7.5,AZZAHRA,yes,yes,yes,NA,3.5,3.5,ELMANARA,yes,yes,no,160.0,4.0,5,BAITY,yes,yes,yes,NA,12.0,12,No brand,no,NA,NA,NA,NA,NA,NA,no,NA,NA,NA,NA,NA,NA,yes,yes,no,10,1.0,0.5,yes,yes,yes,NA,1.5,1.5,yes,yes,yes,NA,2.0,2,yes,yes,yes,NA,5.0,5,yes,yes,yes,NA,3.0,3,yes,yes,yes,NA,1.0,1,MEX,yes,yes,no,1.5,16.0,10.7,TIDE,yes,yes,no,200.0,7.0,8.8000000000000007,HEAD&SHOULDERS,yes,no,NA,NA,NA,NA,NA,yes,yes,no,75.0,6.0,8,ORAL-B,yes,yes,yes,NA,2.0,2,MORNING FRESH,yes,yes,no,15,3.0,2,AHLAM,yes,yes,yes,NA,20.0,20,CANBEBE,vhWnjS625dojve8hx4pZYi,11348725,56d1f351-60e7-40ab-8a4d-7a3d1c1ff7c0,2017-08-07T23:51:34,92
2017-08-08T01:02:58.390+02,2017-08-08T01:44:32.234+02,2017-08-08,LBY03,South,LBY0306,Sebha,LBY030601,Sebha,Sebha,HAJARA,general_store,NA,yes,yes,yes,NA,1.25,1.3,ALMAEDA,yes,yes,yes,NA,3.5,3.5,ANNAJMA,yes,yes,yes,NA,1.5,1.5,ALWASEET,yes,yes,yes,NA,4.0,4,ANNAJMA,yes,yes,yes,NA,1.5,1.5,SPIGA,yes,yes,yes,NA,3.5,3.5,ALMAEDA,yes,yes,yes,NA,1.5,1.5,ROZANA,yes,yes,yes,NA,2.5,2.5,MREHAN,yes,yes,yes,NA,2.5,2.5,MREHAN,yes,yes,no,170.0,2.5,2.9,JUDI,yes,yes,yes,NA,5.0,5,JUDI,yes,yes,yes,NA,15.0,15,KERRYGOLD,yes,yes,yes,NA,6.0,6,NABT,yes,no,NA,NA,NA,NA,NA,yes,yes,yes,NA,4.5,4.5,ASSAFWA,yes,yes,no,140.0,4.5,6.4,MURJAN,yes,yes,yes,NA,11.0,11,No brand,no,NA,NA,NA,NA,NA,NA,no,NA,NA,NA,NA,NA,NA,yes,yes,no,10,1.0,0.5,yes,yes,yes,NA,2.0,2,yes,yes,yes,NA,2.5,2.5,yes,yes,yes,NA,4.0,4,yes,yes,yes,NA,3.0,3,yes,yes,yes,NA,1.0,1,ELSIL,yes,no,NA,NA,NA,NA,NA,yes,yes,no,200.0,8.0,10,HEAD&SHOULDERS,yes,yes,no,5.0,6.0,1.2,No brand,yes,yes,no,133.0,6.5,4.9000000000000004,COLGATE,yes,yes,yes,NA,2.5,2.5,DENTEX,yes,yes,yes,NA,4.0,4,GIZLADY,yes,yes,no,35,20.0,17.100000000000001,PEADOUCE,vhWnjS625dojve8hx4pZYi,11348727,857742a1-b063-4b2c-8e55-1c30bb086c4f,2017-08-07T23:51:47,93
2017-08-07T22:32:05.519+02,2017-08-08T01:41:58.215+02,2017-08-07,LBY03,South,LBY0306,Sebha,LBY030601,Sebha,Sebha,Sukara,general_store,NA,yes,yes,yes,NA,1.0,1,COTUZAL,yes,yes,yes,NA,3.5,3.5,ANNAJMA,yes,yes,yes,NA,1.5,1.5,ALWASEET,yes,yes,yes,NA,3.75,3.8,ASSOHI,yes,yes,yes,NA,1.5,1.5,ASSONBOLA,yes,yes,yes,NA,4.0,4,DIARI,yes,yes,yes,NA,1.5,1.5,ROZANA,yes,yes,yes,NA,2.5,2.5,ANNA,yes,yes,yes,NA,2.5,2.5,ANNA,yes,yes,no,170.0,2.25,2.6,ASSAHAM,yes,yes,yes,NA,5.0,5,JUDI,yes,yes,yes,NA,14.0,14,LIPTOMIL,yes,yes,yes,NA,6.5,6.5,ALJAWHARA,yes,yes,yes,NA,7.5,7.5,AZZAHRA,yes,yes,yes,NA,2.5,2.5,ELMANARA,yes,yes,no,140.0,3.5,5,DWARF,yes,yes,yes,NA,11.0,11,No brand,yes,yes,yes,NA,10.5,10.5,PRIM CHANT,no,NA,NA,NA,NA,NA,NA,yes,yes,yes,NA,1.0,1,yes,yes,yes,NA,1.5,1.5,yes,yes,yes,NA,2.25,2.2999999999999998,yes,yes,yes,NA,3.5,3.5,yes,yes,yes,NA,3.0,3,yes,yes,yes,NA,1.0,1,FAX,yes,yes,no,2.5,12.0,4.8,ARIA,yes,yes,no,300.0,3.5,2.9,HAVANA,yes,yes,no,5.0,7.5,1.5,ANNAJMA,yes,yes,no,105.0,4.5,4.3,CESRA,yes,yes,yes,NA,3.5,3.5,ORAL-B,yes,yes,yes,NA,3.5,3.5,NANA,yes,yes,yes,NA,20.0,20,CANBEBE,vhWnjS625dojve8hx4pZYi,11348728,a56d1471-4615-4694-8270-fbcc7ff4f249,2017-08-07T23:53:29,94
2017-08-07T13:56:12.910+02,2017-08-08T13:05:56.310+02,2017-08-07,LBY02,West,LBY0201,Sirt,LBY020103,Sirte,Sirte,الشعبية,general_store,NA,yes,yes,yes,NA,1.0,1,لا شئ,yes,yes,yes,NA,3.5,3.5,العربي,yes,yes,yes,NA,1.25,1.3,الرفيع,yes,yes,yes,NA,3.5,3.5,المبروك,yes,yes,yes,NA,1.5,1.5,الاميرة,yes,yes,yes,NA,3.0,3,الاميرة,yes,yes,yes,NA,1.25,1.3,الايطالي,yes,yes,yes,NA,2.5,2.5,لوردفود,yes,yes,yes,NA,2.5,2.5,Anna,yes,yes,no,160.0,1.75,2.2000000000000002,جودي,yes,yes,yes,NA,5.0,5,جودي,yes,yes,yes,NA,20.0,20,بيبيلاك,yes,yes,yes,NA,5.5,5.5,جوهرة,yes,yes,yes,NA,6.0,6,الميعاد,yes,yes,yes,NA,3.0,3,المنارة,yes,yes,yes,NA,5.0,5,امريكانا,yes,yes,yes,NA,10.5,10.5,لاشي,yes,yes,yes,NA,10.5,10.5,لاشي,yes,yes,yes,NA,22.0,22,لاشي,yes,yes,yes,NA,1.0,1,yes,yes,yes,NA,1.0,1,yes,yes,yes,NA,2.0,2,yes,yes,yes,NA,3.0,3,yes,yes,yes,NA,3.0,3,yes,yes,yes,NA,1.0,1,لوكس,yes,yes,no,0.55000000000000004,4.5,8.1999999999999993,تايد,yes,yes,no,380.0,7.5,4.9000000000000004,Souplesse,yes,yes,yes,NA,5.5,5.5,بريل,yes,yes,yes,NA,7.5,7.5,كريست,yes,no,NA,NA,NA,NA,NA,yes,yes,yes,NA,3.0,3,نانا,yes,yes,yes,NA,20.0,20,بيدوس,vhWnjS625dojve8hx4pZYi,11365839,46ce7d29-7000-409a-b8e4-d81bb613bde0,2017-08-08T12:05:32,95
2017-08-07T13:58:31.896+02,2017-08-08T13:58:10.031+02,2017-08-07,LBY02,West,LBY0201,Sirt,LBY020103,Sirte,Sirte,رقم ٣,general_store,NA,yes,yes,yes,NA,1.0,1,لاشيء,yes,yes,yes,NA,3.5,3.5,الاسرة,yes,yes,yes,NA,1.25,1.3,المبروك,yes,yes,yes,NA,3.5,3.5,دياري,yes,yes,yes,NA,1.5,1.5,الاميرة,yes,yes,yes,NA,3.0,3,الاميرة,yes,yes,yes,NA,1.25,1.3,الايطالي,yes,yes,yes,NA,2.5,2.5,لوردفود,yes,yes,yes,NA,2.5,2.5,Anna,yes,yes,yes,NA,1.75,1.8,جودي,yes,yes,yes,NA,5.0,5,جودي,yes,yes,yes,NA,21.0,21,بيبيلاك,yes,yes,yes,NA,5.5,5.5,الجوهرة,yes,yes,yes,NA,7.0,7,الزهرات,yes,yes,yes,NA,3.0,3,المنارة,yes,yes,yes,NA,5.5,5.5,امريكانا,yes,yes,yes,NA,10.0,10,لاشيء,yes,yes,yes,NA,10.0,10,لاشيء,yes,yes,yes,NA,23.0,23,لاشيء,yes,yes,yes,NA,1.0,1,yes,yes,yes,NA,1.0,1,yes,yes,yes,NA,2.0,2,yes,yes,yes,NA,3.0,3,yes,yes,yes,NA,3.0,3,yes,yes,yes,NA,1.0,1,لوكس,yes,yes,yes,NA,4.5,4.5,تايد,yes,yes,yes,NA,9.0,9,سانسيلك,yes,yes,yes,NA,5.5,5.5,بريل,yes,yes,yes,NA,7.5,7.5,كريست,yes,yes,yes,NA,2.5,2.5,فرش,yes,yes,yes,NA,3.0,3,نانا,yes,yes,yes,NA,20.0,20,بيدوس,vhWnjS625dojve8hx4pZYi,11366028,f96a3ebc-5631-439a-9c6d-be04359ea1ef,2017-08-08T12:10:03,96
2017-08-07T15:16:32.206+02,2017-08-08T14:42:01.212+02,2017-08-07,LBY02,West,LBY0201,Sirt,LBY020103,Sirte,Sirte,رقم 2,general_store,NA,yes,yes,yes,NA,1.0,1,لاشئ,yes,yes,yes,NA,3.5,3.5,العربي,no,NA,NA,NA,NA,NA,NA,yes,yes,yes,NA,3.5,3.5,المبروك,yes,yes,yes,NA,1.5,1.5,الاميرة,yes,yes,yes,NA,3.0,3,الاميرة,yes,yes,yes,NA,1.5,1.5,البستان,yes,yes,yes,NA,2.5,2.5,لوردفود,yes,no,NA,NA,NA,NA,NA,yes,yes,no,160.0,1.75,2.2000000000000002,جودي,yes,yes,yes,NA,5.0,5,جودي,yes,no,NA,NA,NA,NA,NA,yes,yes,yes,NA,5.5,5.5,الجوهرة,yes,yes,yes,NA,6.0,6,الميعاد,yes,yes,yes,NA,3.0,3,المنارة,yes,yes,yes,NA,5.0,5,امريكانا,yes,yes,yes,NA,10.5,10.5,لا شي,yes,yes,yes,NA,10.5,10.5,لاشي,yes,no,NA,NA,NA,NA,NA,yes,no,NA,NA,NA,NA,yes,yes,yes,NA,1.5,1.5,yes,yes,yes,NA,2.5,2.5,yes,yes,yes,NA,3.0,3,yes,yes,yes,NA,3.25,3.3,yes,yes,yes,NA,1.0,1,لوكس,yes,yes,yes,NA,5.0,5,تايد,yes,yes,yes,NA,7.5,7.5,Souplesse,yes,yes,yes,NA,5.5,5.5,بريل,yes,yes,yes,NA,7.5,7.5,كريست,yes,yes,yes,NA,3.0,3,سنسوداين,yes,yes,yes,NA,3.0,3,نانا,yes,yes,yes,NA,20.0,20,بيدوس,vhWnjS625dojve8hx4pZYi,11370807,a550ae57-b103-4a12-b531-51a36485abb2,2017-08-08T13:40:21,97
2017-08-07T19:57:37.664+02,2017-08-08T15:20:00.484+02,2017-08-07,LBY02,West,LBY0201,Sirt,LBY020103,Sirte,Sirte,حي 700,general_store,NA,yes,yes,yes,NA,1.0,1,لاشي,yes,yes,yes,NA,3.5,3.5,الاسرة,yes,yes,yes,NA,1.25,1.3,الرفيع,yes,yes,yes,NA,3.5,3.5,المبروك,yes,yes,yes,NA,1.5,1.5,الاميرة,yes,yes,yes,NA,3.0,3,الاميرة,yes,yes,yes,NA,1.25,1.3,الايطالي,yes,yes,yes,NA,2.5,2.5,لوردفود,yes,no,NA,NA,NA,NA,NA,yes,no,NA,NA,NA,NA,NA,yes,yes,yes,NA,4.75,4.8,جودي,yes,yes,yes,NA,20.0,20,بيبيلاك,yes,yes,yes,NA,5.5,5.5,الجوهرة,yes,yes,yes,NA,6.0,6,الميعاد,yes,yes,yes,NA,3.0,3,المنارة,yes,yes,yes,NA,5.0,5,امريكانا,yes,yes,yes,NA,9.0,9,لاشى,yes,yes,yes,NA,10.5,10.5,لاشى,yes,yes,yes,NA,22.0,22,لاشي,yes,yes,yes,NA,1.0,1,yes,yes,yes,NA,1.5,1.5,yes,yes,yes,NA,2.0,2,yes,yes,yes,NA,3.0,3,yes,yes,yes,NA,3.25,3.3,yes,yes,yes,NA,1.25,1.3,لوكس,yes,yes,yes,NA,4.75,4.8,تايد,yes,yes,yes,NA,7.5,7.5,Souplesse,yes,yes,yes,NA,5.5,5.5,بريل,yes,yes,yes,NA,7.5,7.5,كريست,yes,no,NA,NA,NA,NA,NA,yes,yes,yes,NA,3.0,3,نانا,yes,yes,yes,NA,20.0,20,بيدوس,vhWnjS625dojve8hx4pZYi,11370854,bfdca9cd-023e-40c0-af8c-7d5b8e74241b,2017-08-08T13:42:10,98
2017-08-07T19:28:01.562+02,2017-08-08T19:34:44.701+02,2017-08-07,LBY01,East,LBY0101,Derna,LBY010102,Derna,Derna,ELbilad,general_store,NA,yes,yes,no,0.25,0.5,2,Bono,yes,yes,yes,NA,3.0,3,Crystal,yes,no,NA,NA,NA,NA,NA,yes,yes,yes,NA,4.0,4,Alqobtan,yes,yes,yes,NA,2.0,2,Spiga,yes,yes,yes,NA,4.0,4,Diari,yes,yes,yes,NA,2.0,2,Marwa,yes,yes,yes,NA,3.5,3.5,California,yes,yes,yes,NA,3.0,3,California,yes,yes,no,380.0,5.0,2.6,Alzahrat,yes,yes,yes,NA,4.5,4.5,Judi,yes,yes,yes,NA,13.0,13,Swislac,yes,yes,yes,NA,6.5,6.5,Aljabl,yes,yes,yes,NA,8.0,8,Alzhra,yes,yes,yes,NA,3.5,3.5,Alhikma,yes,yes,no,180.0,4.5,5,Alshira,yes,no,NA,NA,NA,NA,NA,yes,no,NA,NA,NA,NA,NA,yes,yes,yes,NA,30.0,30,Locally meat,yes,no,NA,NA,NA,NA,yes,yes,yes,NA,1.0,1,yes,no,NA,NA,NA,NA,yes,yes,yes,NA,6.0,6,yes,no,NA,NA,NA,NA,yes,yes,yes,NA,1.0,1,Fax,yes,yes,no,0.4,4.0,10,Wash,yes,yes,no,600.0,8.0,3.3,Speed and strong,yes,yes,yes,NA,3.0,3,Alnassim,yes,yes,yes,NA,6.0,6,Siqnal,yes,yes,yes,NA,2.0,2,Classic,yes,yes,yes,NA,2.5,2.5,Fam,yes,yes,no,40,22.0,16.5,Babydous,vhWnjS625dojve8hx4pZYi,11383359,da7a48c5-fe63-4ed9-99d9-5a9c3dc0fbce,2017-08-08T21:51:45,99
2017-08-08T19:53:49.896+02,2017-08-08T23:07:47.774+02,2017-08-08,LBY01,East,LBY0101,Derna,LBY010102,Derna,Derna,Elbilad,general_store,NA,yes,yes,no,0.25,0.25,1,Bono,yes,yes,yes,NA,3.5,3.5,Crystal,yes,yes,yes,NA,1.5,1.5,Warda,yes,yes,yes,NA,4.0,4,Albaraka,yes,yes,no,400.0,1.5,1.9,Hatuin,yes,yes,yes,NA,3.5,3.5,Diari,yes,yes,yes,NA,1.75,1.8,Supper,yes,yes,yes,NA,3.0,3,California,yes,yes,yes,NA,2.5,2.5,California,yes,yes,no,380.0,4.5,2.4,Judi,yes,yes,yes,NA,4.5,4.5,Judi,yes,yes,yes,NA,18.0,18,May boy,yes,yes,yes,NA,6.0,6,Aljabl,yes,yes,yes,NA,7.5,7.5,Alzhra,yes,yes,yes,NA,3.0,3,Baraka,yes,yes,no,180.0,4.0,4.4000000000000004,Alamir,yes,no,NA,NA,NA,NA,NA,yes,no,NA,NA,NA,NA,NA,no,NA,NA,NA,NA,NA,NA,yes,no,NA,NA,NA,NA,no,NA,NA,NA,NA,NA,no,NA,NA,NA,NA,NA,no,NA,NA,NA,NA,NA,no,NA,NA,NA,NA,NA,yes,yes,yes,NA,1.0,1,Fax,yes,yes,no,0.12,1.0,8.3000000000000007,Wash,yes,yes,no,1000.0,7.0,1.8,Prima,yes,yes,yes,NA,3.0,3,Rein,yes,yes,yes,NA,6.0,6,Signal,yes,yes,yes,NA,2.0,2,Classic,yes,yes,yes,NA,2.5,2.5,Fam,yes,yes,no,35,20.0,17.100000000000001,Gozmo,vhWnjS625dojve8hx4pZYi,11383360,3864299d-286f-4402-8acd-1e060d7e9d3c,2017-08-08T21:51:47,100
2017-08-08T19:58:02.779+02,2017-08-08T23:51:38.010+02,2017-08-08,LBY01,East,LBY0101,Derna,LBY010102,Derna,Derna,Almaghar,general_store,NA,yes,yes,no,0.25,0.5,2,Bono,yes,yes,yes,NA,4.0,4,Crystal,yes,no,NA,NA,NA,NA,NA,yes,yes,yes,NA,3.5,3.5,Albaraka,yes,yes,yes,NA,1.5,1.5,Napoli,yes,yes,yes,NA,4.0,4,Diari,yes,yes,yes,NA,1.75,1.8,Marwa,yes,yes,yes,NA,3.0,3,Lara,yes,yes,yes,NA,2.5,2.5,Lara,yes,yes,no,380.0,4.5,2.4,Judi,yes,yes,yes,NA,4.5,4.5,Judi,no,NA,NA,NA,NA,NA,NA,yes,yes,yes,NA,6.0,6,Aljabl,yes,yes,yes,NA,7.5,7.5,Alzahra,yes,yes,yes,NA,3.5,3.5,Albarka,yes,yes,no,180.0,4.0,4.4000000000000004,Rian,yes,no,NA,NA,NA,NA,NA,yes,no,NA,NA,NA,NA,NA,no,NA,NA,NA,NA,NA,NA,yes,no,NA,NA,NA,NA,no,NA,NA,NA,NA,NA,no,NA,NA,NA,NA,NA,no,NA,NA,NA,NA,NA,no,NA,NA,NA,NA,NA,yes,yes,yes,NA,1.0,1,Fax,yes,yes,no,0.12,1.0,8.3000000000000007,Wash,yes,yes,no,450.0,6.0,3.3,Juju,yes,yes,yes,NA,3.0,3,Alnassim,yes,yes,yes,NA,6.0,6,Signal,yes,yes,yes,NA,2.0,2,Classic,yes,yes,yes,NA,2.0,2,Fam,yes,no,NA,NA,NA,NA,NA,vhWnjS625dojve8hx4pZYi,11383361,d07b4bd4-1f21-4301-84da-d9353264f6df,2017-08-08T21:51:48,101
2017-08-08T20:25:28.623+02,2017-08-08T21:04:10.479+02,2017-08-08,LBY01,East,LBY0101,Derna,LBY010102,Derna,Derna,Almaghar,general_store,NA,yes,yes,no,0.5,0.75,1.5,No brand,yes,no,NA,NA,NA,NA,NA,yes,no,NA,NA,NA,NA,NA,yes,yes,yes,NA,3.5,3.5,Wazan,yes,yes,yes,NA,2.0,2,Napoli,yes,yes,yes,NA,4.0,4,Diari,yes,yes,yes,NA,1.0,1,Marwa,yes,yes,yes,NA,3.5,3.5,Garden,yes,yes,yes,NA,2.5,2.5,Garden,yes,yes,no,380.0,4.5,2.4,Alzahra,yes,yes,yes,NA,4.0,4,Alrihan,no,NA,NA,NA,NA,NA,NA,yes,yes,yes,NA,6.0,6,Alshai alsiny,yes,yes,yes,NA,7.5,7.5,Alzhra,yes,yes,yes,NA,3.0,3,Alnajma,yes,yes,no,180.0,3.5,3.9,Alameir,yes,no,NA,NA,NA,NA,NA,yes,no,NA,NA,NA,NA,NA,no,NA,NA,NA,NA,NA,NA,yes,no,NA,NA,NA,NA,no,NA,NA,NA,NA,NA,no,NA,NA,NA,NA,NA,no,NA,NA,NA,NA,NA,no,NA,NA,NA,NA,NA,yes,yes,yes,NA,1.0,1,Fax,yes,yes,no,0.12,1.0,8.3000000000000007,Wash,yes,yes,no,600.0,8.0,3.3,Strong and speed,yes,yes,yes,NA,3.0,3,Rein,yes,yes,yes,NA,6.0,6,Miswak,yes,yes,yes,NA,2.0,2,Classic,yes,yes,yes,NA,2.5,2.5,Fam,yes,yes,no,35,20.0,17.100000000000001,Gozmo,vhWnjS625dojve8hx4pZYi,11383362,a65de6a6-5a3a-4a7c-b9e4-a146bc069ee8,2017-08-08T21:51:50,102
2017-08-09T21:40:58.475+02,2017-08-10T01:10:07.159+02,2017-08-09,LBY02,West,LBY0202,Nalut,LBY020205,Nalut,Nalut,نالوت,general_store,NA,no,NA,NA,NA,NA,NA,NA,no,NA,NA,NA,NA,NA,NA,no,NA,NA,NA,NA,NA,NA,no,NA,NA,NA,NA,NA,NA,no,NA,NA,NA,NA,NA,NA,no,NA,NA,NA,NA,NA,NA,no,NA,NA,NA,NA,NA,NA,no,NA,NA,NA,NA,NA,NA,no,NA,NA,NA,NA,NA,NA,no,NA,NA,NA,NA,NA,NA,no,NA,NA,NA,NA,NA,NA,yes,yes,yes,NA,10.0,10,Francr lait,no,NA,NA,NA,NA,NA,NA,no,NA,NA,NA,NA,NA,NA,no,NA,NA,NA,NA,NA,NA,no,NA,NA,NA,NA,NA,NA,no,NA,NA,NA,NA,NA,NA,no,NA,NA,NA,NA,NA,NA,no,NA,NA,NA,NA,NA,NA,no,NA,NA,NA,NA,NA,no,NA,NA,NA,NA,NA,no,NA,NA,NA,NA,NA,no,NA,NA,NA,NA,NA,no,NA,NA,NA,NA,NA,yes,yes,yes,NA,1.0,1,elsil,no,NA,NA,NA,NA,NA,NA,no,NA,NA,NA,NA,NA,NA,no,NA,NA,NA,NA,NA,NA,yes,yes,no,50.0,3.0,6,Colgate,no,NA,NA,NA,NA,NA,NA,no,NA,NA,NA,NA,NA,NA,no,NA,NA,NA,NA,NA,NA,vhWnjS625dojve8hx4pZYi,11419731,819dd477-fdc1-400a-807f-eeb7b9ad438b,2017-08-09T23:13:21,103
2017-08-10T04:56:40.709+02,2017-08-10T05:11:37.628+02,2017-08-10,LBY03,South,LBY0306,Sebha,LBY030601,Sebha,Sebha,Agaied,butcher,NA,NA,NA,NA,NA,NA,NA,NA,NA,NA,NA,NA,NA,NA,NA,NA,NA,NA,NA,NA,NA,NA,NA,NA,NA,NA,NA,NA,NA,NA,NA,NA,NA,NA,NA,NA,NA,NA,NA,NA,NA,NA,NA,NA,NA,NA,NA,NA,NA,NA,NA,NA,NA,NA,NA,NA,NA,NA,NA,NA,NA,NA,NA,NA,NA,NA,NA,NA,NA,NA,NA,NA,NA,NA,NA,NA,NA,NA,NA,NA,NA,NA,NA,NA,NA,NA,NA,NA,NA,NA,NA,NA,NA,NA,NA,NA,NA,NA,NA,NA,NA,NA,NA,NA,NA,NA,NA,NA,NA,NA,NA,NA,NA,NA,NA,NA,NA,NA,NA,NA,yes,yes,yes,NA,17.0,17,No brand,yes,yes,yes,NA,30.0,30,No brand,NA,NA,NA,NA,NA,NA,NA,NA,NA,NA,NA,NA,NA,NA,NA,NA,NA,NA,NA,NA,NA,NA,NA,NA,NA,NA,NA,NA,NA,NA,NA,NA,NA,NA,NA,NA,NA,NA,NA,NA,NA,NA,NA,NA,NA,NA,NA,NA,NA,NA,NA,NA,NA,NA,NA,NA,NA,NA,NA,NA,NA,NA,NA,NA,NA,NA,NA,NA,NA,NA,NA,NA,NA,NA,NA,NA,NA,NA,NA,NA,NA,NA,NA,NA,NA,NA,vhWnjS625dojve8hx4pZYi,11420739,116848b8-7aa2-44d4-aa85-fdfe44b12e06,2017-08-10T03:17:00,104
2017-08-10T04:47:06.504+02,2017-08-10T05:09:10.576+02,2017-08-10,LBY03,South,LBY0306,Sebha,LBY030601,Sebha,Sebha,Algurda,butcher,NA,NA,NA,NA,NA,NA,NA,NA,NA,NA,NA,NA,NA,NA,NA,NA,NA,NA,NA,NA,NA,NA,NA,NA,NA,NA,NA,NA,NA,NA,NA,NA,NA,NA,NA,NA,NA,NA,NA,NA,NA,NA,NA,NA,NA,NA,NA,NA,NA,NA,NA,NA,NA,NA,NA,NA,NA,NA,NA,NA,NA,NA,NA,NA,NA,NA,NA,NA,NA,NA,NA,NA,NA,NA,NA,NA,NA,NA,NA,NA,NA,NA,NA,NA,NA,NA,NA,NA,NA,NA,NA,NA,NA,NA,NA,NA,NA,NA,NA,NA,NA,NA,NA,NA,NA,NA,NA,NA,NA,NA,NA,NA,NA,NA,NA,NA,NA,NA,NA,NA,yes,yes,yes,NA,13.0,13,PRIM CHANT,yes,yes,yes,NA,27.0,27,No brand,NA,NA,NA,NA,NA,NA,NA,NA,NA,NA,NA,NA,NA,NA,NA,NA,NA,NA,NA,NA,NA,NA,NA,NA,NA,NA,NA,NA,NA,NA,NA,NA,NA,NA,NA,NA,NA,NA,NA,NA,NA,NA,NA,NA,NA,NA,NA,NA,NA,NA,NA,NA,NA,NA,NA,NA,NA,NA,NA,NA,NA,NA,NA,NA,NA,NA,NA,NA,NA,NA,NA,NA,NA,NA,NA,NA,NA,NA,NA,NA,NA,NA,NA,NA,NA,NA,vhWnjS625dojve8hx4pZYi,11420777,314f348e-5a1b-4717-a086-9d5b620242f0,2017-08-10T03:25:54,105
2017-08-10T04:52:11.131+02,2017-08-10T05:10:20.980+02,2017-08-10,LBY03,South,LBY0306,Sebha,LBY030601,Sebha,Sebha,Almanshiya,butcher,NA,NA,NA,NA,NA,NA,NA,NA,NA,NA,NA,NA,NA,NA,NA,NA,NA,NA,NA,NA,NA,NA,NA,NA,NA,NA,NA,NA,NA,NA,NA,NA,NA,NA,NA,NA,NA,NA,NA,NA,NA,NA,NA,NA,NA,NA,NA,NA,NA,NA,NA,NA,NA,NA,NA,NA,NA,NA,NA,NA,NA,NA,NA,NA,NA,NA,NA,NA,NA,NA,NA,NA,NA,NA,NA,NA,NA,NA,NA,NA,NA,NA,NA,NA,NA,NA,NA,NA,NA,NA,NA,NA,NA,NA,NA,NA,NA,NA,NA,NA,NA,NA,NA,NA,NA,NA,NA,NA,NA,NA,NA,NA,NA,NA,NA,NA,NA,NA,NA,NA,yes,yes,yes,NA,10.0,10,PRIM CHANT,yes,yes,yes,NA,27.0,27,No brand,NA,NA,NA,NA,NA,NA,NA,NA,NA,NA,NA,NA,NA,NA,NA,NA,NA,NA,NA,NA,NA,NA,NA,NA,NA,NA,NA,NA,NA,NA,NA,NA,NA,NA,NA,NA,NA,NA,NA,NA,NA,NA,NA,NA,NA,NA,NA,NA,NA,NA,NA,NA,NA,NA,NA,NA,NA,NA,NA,NA,NA,NA,NA,NA,NA,NA,NA,NA,NA,NA,NA,NA,NA,NA,NA,NA,NA,NA,NA,NA,NA,NA,NA,NA,NA,NA,vhWnjS625dojve8hx4pZYi,11420778,b8826829-70f7-4df1-9822-c2344cc966ab,2017-08-10T03:26:05,106
2017-08-10T04:59:41.018+02,2017-08-10T05:13:05.072+02,2017-08-10,LBY03,South,LBY0306,Sebha,LBY030601,Sebha,Sebha,Algurda,general_store,NA,no,NA,NA,NA,NA,NA,NA,no,NA,NA,NA,NA,NA,NA,no,NA,NA,NA,NA,NA,NA,no,NA,NA,NA,NA,NA,NA,no,NA,NA,NA,NA,NA,NA,no,NA,NA,NA,NA,NA,NA,no,NA,NA,NA,NA,NA,NA,no,NA,NA,NA,NA,NA,NA,no,NA,NA,NA,NA,NA,NA,no,NA,NA,NA,NA,NA,NA,no,NA,NA,NA,NA,NA,NA,no,NA,NA,NA,NA,NA,NA,no,NA,NA,NA,NA,NA,NA,yes,yes,no,200.0,10.0,12.5,ALWARDA,no,NA,NA,NA,NA,NA,NA,no,NA,NA,NA,NA,NA,NA,no,NA,NA,NA,NA,NA,NA,no,NA,NA,NA,NA,NA,NA,no,NA,NA,NA,NA,NA,NA,no,NA,NA,NA,NA,NA,no,NA,NA,NA,NA,NA,no,NA,NA,NA,NA,NA,no,NA,NA,NA,NA,NA,no,NA,NA,NA,NA,NA,no,NA,NA,NA,NA,NA,NA,yes,yes,no,2.5,25.0,10,DIXAN,no,NA,NA,NA,NA,NA,NA,yes,yes,no,5.0,6.0,1.2,ANNAJMA,no,NA,NA,NA,NA,NA,NA,no,NA,NA,NA,NA,NA,NA,no,NA,NA,NA,NA,NA,NA,no,NA,NA,NA,NA,NA,NA,vhWnjS625dojve8hx4pZYi,11420780,17f63b5c-5543-4413-bd5d-21dfbe1c636e,2017-08-10T03:26:15,107
2017-08-13T18:55:08.490+02,2017-08-15T01:14:22.107+02,2017-08-13,LBY02,West,LBY0202,Nalut,LBY020205,Nalut,Nalut,نالوت,butcher,NA,NA,NA,NA,NA,NA,NA,NA,NA,NA,NA,NA,NA,NA,NA,NA,NA,NA,NA,NA,NA,NA,NA,NA,NA,NA,NA,NA,NA,NA,NA,NA,NA,NA,NA,NA,NA,NA,NA,NA,NA,NA,NA,NA,NA,NA,NA,NA,NA,NA,NA,NA,NA,NA,NA,NA,NA,NA,NA,NA,NA,NA,NA,NA,NA,NA,NA,NA,NA,NA,NA,NA,NA,NA,NA,NA,NA,NA,NA,NA,NA,NA,NA,NA,NA,NA,NA,NA,NA,NA,NA,NA,NA,NA,NA,NA,NA,NA,NA,NA,NA,NA,NA,NA,NA,NA,NA,NA,NA,NA,NA,NA,NA,NA,NA,NA,NA,NA,NA,NA,yes,yes,no,unknown,19.0,NA,لاشيء,yes,yes,yes,NA,30.0,30,لاشيء,NA,NA,NA,NA,NA,NA,NA,NA,NA,NA,NA,NA,NA,NA,NA,NA,NA,NA,NA,NA,NA,NA,NA,NA,NA,NA,NA,NA,NA,NA,NA,NA,NA,NA,NA,NA,NA,NA,NA,NA,NA,NA,NA,NA,NA,NA,NA,NA,NA,NA,NA,NA,NA,NA,NA,NA,NA,NA,NA,NA,NA,NA,NA,NA,NA,NA,NA,NA,NA,NA,NA,NA,NA,NA,NA,NA,NA,NA,NA,NA,NA,NA,NA,NA,NA,NA,vhWnjS625dojve8hx4pZYi,11553332,a8cb91eb-02b2-4e8b-b164-a1ed1bea7da6,2017-08-14T23:16:00,108
