start,end,q_date,q_region,q_district,q_municipality,q_neighbourhood,q_shop_type,q_sell_salt,q_salt_available_in_shop,q_salt_quantity1,q_salt_quantity2,q_salt_price,q_salt_price_per_kilo,q_salt_brand,q_sell_sugar,q_sugar_available_in_shop,q_sugar_quantity1,q_sugar_quantity2,q_sugar_price,q_sugar_price_per_kilo,q_sugar_brand,q_sell_flour,q_flour_available_in_shop,q_flour_quantity1,q_flour_quantity2,q_flour_price,q_flour_price_per_kilo,q_flour_brand,q_sell_rice,q_rice_available_in_shop,q_rice_quantity1,q_rice_quantity2,q_rice_price,q_rice_price_per_kilo,q_rice_brand,q_sell_pasta,q_pasta_available_in_shop,q_pasta_quantity1,q_pasta_quantity2,q_pasta_price,q_pasta_price_per_500g,q_pasta_brand,q_sell_couscous,q_couscous_available_in_shop,q_couscous_quantity1,q_couscous_quantity2,q_couscous_price,q_couscous_price_per_kilo,q_couscous_brand,q_sell_tomatop,q_tomatop_available_in_shop,q_tomatop_quantity1,q_tomatop_quantity2,q_tomatop_price,q_tomatop_price_per_kilo,q_tomatop_brand,q_sell_chickpeas,q_chickpeas_available_in_shop,q_chickpeas_quantity1,q_chickpeas_quantity2,q_chickpeas_price,q_chickpeas_price_per_400g,q_chickpeas_brand,q_sell_cmilk,q_cmilk_available_in_shop,q_cmilk_quantity1,q_cmilk_quantity2,q_cmilk_price,q_cmilk_price_per_200ml,q_cmilk_brand,q_sell_milk,q_milk_available_in_shop,q_milk_quantity1,q_milk_quantity2,q_milk_price,q_milk_price_per_liter,q_milk_brand,q_sell_babymilk,q_babymilk_available_in_shop,q_babymilk_quantity1,q_babymilk_quantity2,q_babymilk_price,q_babymilk_price_per_kilo,q_babymilk_brand,q_sell_gtea,q_gtea_available_in_shop,q_gtea_quantity1,q_gtea_quantity2,q_gtea_price,q_gtea_price_per_250g,q_gtea_brand,q_sell_btea,q_btea_available_in_shop,q_btea_quantity1,q_btea_quantity2,q_btea_price,q_btea_price_per_250g,q_btea_brand,q_sell_oil,q_oil_available_in_shop,q_oil_quantity1,q_oil_quantity2,q_oil_price,q_oil_price_per_liter,q_oil_brand,q_sell_tuna,q_tuna_available_in_shop,q_tuna_quantity1,q_tuna_quantity2,q_tuna_price,q_tuna_price_per_200g,q_tuna_brand,q_sell_eggs,q_eggs_available_in_shop,q_eggs_quantity1,q_eggs_quantity2,q_eggs_price,q_eggs_price_per_30eggs,q_eggs_brand,q_sell_chicken,q_chicken_available_in_shop,q_chicken_quantity1,q_chicken_quantity2,q_chicken_price,q_chicken_price_per_kilo,q_chicken_brand,q_sell_lamb,q_lamb_available_in_shop,q_lamb_quantity1,q_lamb_quantity2,q_lamb_price,q_lamb_price_per_kilo,q_lamb_brand,q_sell_bread,q_bread_available_in_shop,q_bread_quantity1,q_bread_quantity2,q_bread_price,q_bread_price_per_5medium_pieces,q_sell_tomatoes,q_tomatoes_available_in_shop,q_tomatoes_quantity1,q_tomatoes_quantity2,q_tomatoes_price,q_tomatoes_price_per_kilo,q_sell_onions,q_onions_available_in_shop,q_onions_quantity1,q_onions_quantity2,q_onions_price,q_onions_price_per_kilo,q_sell_pepper,q_pepper_available_in_shop,q_pepper_quantity1,q_pepper_quantity2,q_pepper_price,q_pepper_price_per_kilo,q_sell_potatoes,q_potatoes_available_in_shop,q_potatoes_quantity1,q_potatoes_quantity2,q_potatoes_price,q_potatoes_price_per_kilo,q_sell_hwsoap,q_hwsoap_available_in_shop,q_hwsoap_quantity1,q_hwsoap_quantity2,q_hwsoap_price,q_hwsoap_price_per_piece,q_hwsoap_brand,q_sell_lsoap,q_lsoap_available_in_shop,q_lsoap_quantity1,q_lsoap_quantity2,q_lsoap_price,q_lsoap_price_per_kilo,q_lsoap_brand,q_sell_shampoo,q_shampoo_available_in_shop,q_shampoo_quantity1,q_shampoo_quantity2,q_shampoo_price,q_shampoo_price_per_250ml,q_shampoo_brand,q_sell_dsoap,q_dsoap_available_in_shop,q_dsoap_quantity1,q_dsoap_quantity2,q_dsoap_price,q_dsoap_price_per_liter,q_dsoap_brand,q_sell_toothpaste,q_toothpaste_available_in_shop,q_toothpaste_quantity1,q_toothpaste_quantity2,q_toothpaste_price,q_toothpaste_price_per_tube,q_toothpaste_brand,q_sell_toothbrush,q_toothbrush_available_in_shop,q_toothbrush_quantity1,q_toothbrush_quantity2,q_toothbrush_price,q_toothbrush_price_per_brush,q_toothbrush_brand,q_sell_spads,q_spads_available_in_shop,q_spads_quantity1,q_spads_quantity2,q_spads_price,q_spads_price_per_10pads,q_spads_brand,q_sell_diapers,q_diapers_available_in_shop,q_diapers_quantity1,q_diapers_quantity2,q_diapers_price,q_diapers_price_per_30diapers,q_diapers_brand,__version__,_id,_uuid,_submission_time,_index
2017-06-18T18:11:17.920+02,2017-06-18T18:16:52.507+02,2017-06-18,LBY02,LBY0209,LBY020902,السوق,bakery,NA,NA,NA,NA,NA,NA,NA,NA,NA,NA,NA,NA,NA,NA,no,NA,NA,NA,NA,NA,NA,NA,NA,NA,NA,NA,NA,NA,NA,NA,NA,NA,NA,NA,NA,NA,NA,NA,NA,NA,NA,NA,NA,NA,NA,NA,NA,NA,NA,NA,NA,NA,NA,NA,NA,NA,NA,NA,NA,NA,NA,NA,NA,NA,NA,NA,NA,NA,NA,NA,NA,NA,NA,NA,NA,NA,NA,NA,NA,NA,NA,NA,NA,NA,NA,NA,NA,NA,NA,NA,NA,NA,NA,NA,NA,NA,NA,NA,NA,NA,NA,NA,NA,NA,NA,NA,NA,NA,NA,NA,NA,NA,NA,NA,NA,NA,NA,NA,NA,NA,NA,NA,NA,NA,NA,NA,yes,yes,yes,NA,1.0,1,NA,NA,NA,NA,NA,NA,NA,NA,NA,NA,NA,NA,NA,NA,NA,NA,NA,NA,NA,NA,NA,NA,NA,NA,NA,NA,NA,NA,NA,NA,NA,NA,NA,NA,NA,NA,NA,NA,NA,NA,NA,NA,NA,NA,NA,NA,NA,NA,NA,NA,NA,NA,NA,NA,NA,NA,NA,NA,NA,NA,NA,NA,NA,NA,NA,NA,NA,NA,NA,NA,NA,NA,NA,NA,NA,NA,NA,NA,NA,NA,vxVdqmGaBFivqequGLpMjg,10100882,500eba95-8219-488c-b6bf-c60b6b1d8a3e,2017-06-18T20:08:44,1
2017-06-18T18:27:29.307+02,2017-06-18T18:30:40.824+02,2017-06-18,LBY02,LBY0209,LBY020902,السوق,vegetable,NA,NA,NA,NA,NA,NA,NA,NA,NA,NA,NA,NA,NA,NA,NA,NA,NA,NA,NA,NA,NA,NA,NA,NA,NA,NA,NA,NA,NA,NA,NA,NA,NA,NA,NA,NA,NA,NA,NA,NA,NA,NA,NA,NA,NA,NA,NA,NA,NA,NA,NA,NA,NA,NA,NA,NA,NA,NA,NA,NA,NA,NA,NA,NA,NA,NA,NA,NA,NA,NA,NA,NA,NA,NA,NA,NA,NA,NA,NA,NA,NA,NA,NA,NA,NA,NA,NA,NA,NA,NA,NA,NA,NA,NA,NA,NA,NA,NA,NA,NA,NA,NA,NA,NA,NA,NA,NA,NA,NA,NA,NA,NA,NA,NA,NA,NA,NA,NA,NA,NA,NA,NA,NA,NA,NA,NA,NA,NA,NA,NA,NA,NA,yes,yes,yes,NA,2.5,2.5,yes,yes,yes,NA,2.0,2,yes,yes,yes,NA,2.5,2.5,yes,yes,yes,NA,2.5,2.5,NA,NA,NA,NA,NA,NA,NA,NA,NA,NA,NA,NA,NA,NA,NA,NA,NA,NA,NA,NA,NA,NA,NA,NA,NA,NA,NA,NA,NA,NA,NA,NA,NA,NA,NA,NA,NA,NA,NA,NA,NA,NA,NA,NA,NA,NA,NA,NA,NA,NA,NA,NA,NA,NA,NA,NA,vxVdqmGaBFivqequGLpMjg,10100883,700991ea-720c-438b-ab6b-e08767352914,2017-06-18T20:08:52,2
2017-06-18T18:35:39.814+02:00,2017-06-19T16:11:12.000+01:00,2017-06-18,LBY02,LBY0209,LBY020902,السوق,general_store,yes,yes,yes,NA,1.0,1,ملح الاسره,yes,yes,yes,NA,2.75,2.8,سكر الجبل,yes,yes,yes,NA,1.5,1.5,دقيق الربيع,yes,yes,yes,NA,3.0,3,ارز اركان طرابلس,yes,yes,yes,NA,1.5,1.5,اسبيقه ( خرز ),yes,yes,yes,NA,2.5,2.5,قورينا,yes,yes,no,0.4,1.25,3.1,الصفوه,yes,yes,yes,NA,2.5,2.5,لورد فود,yes,yes,no,150,1.75,2.3,المراعي,yes,yes,yes,NA,4.0,4,كانديا,yes,yes,yes,NA,12.5,12.5,ليبتوميل,yes,yes,yes,NA,5.0,5,شاي الصين الاخضر ( الشنمي ),yes,yes,yes,NA,8.0,8,شاي اجواد,yes,yes,yes,NA,2.5,2.5,نجمه,yes,yes,no,160,3.75,4.7,بيتي,yes,yes,yes,NA,7.0,7,لاشي,no,NA,NA,NA,NA,NA,NA,no,NA,NA,NA,NA,NA,NA,yes,yes,yes,NA,0.5,0.5,no,NA,NA,NA,NA,NA,no,NA,NA,NA,NA,NA,no,NA,NA,NA,NA,NA,no,NA,NA,NA,NA,NA,yes,yes,yes,NA,1.75,1.8,لوكس,yes,yes,no,0.12,0.5,4.2,نجمه,yes,yes,no,380.0,6.5,4.3,سوبلاس,yes,yes,no,5.0,6.0,1.2,النجمه,yes,yes,no,50.0,4.0,8,كولجيت,yes,yes,yes,NA,2.0,2,ديفاس,yes,yes,yes,NA,3.25,3.3,ليلاس,yes,yes,yes,NA,20.0,20,بودوس,vxVdqmGaBFivqequGLpMjg,10100885,6dbfcd1b-42b8-4930-ab4d-334537242c6f,2017-06-18T20:08:57,3
2017-06-19T13:49:07.038+02,2017-06-19T15:49:28.389+02,2017-06-19,LBY02,LBY0204,LBY020405,Abouslim,general_store,yes,yes,yes,NA,1.0,1,No thing,yes,yes,yes,NA,2.5,2.5,Queen,yes,yes,yes,NA,1.5,1.5,Alrabea,yes,yes,yes,NA,3.0,3,Almabrouk,yes,yes,no,400,1.5,1.9,Spiga,yes,yes,yes,NA,1.75,1.8,Randa,yes,yes,no,0.4,1.25,3.1,Alssafwa,yes,yes,yes,NA,2.5,2.5,Anna,yes,yes,no,330.0,3.0,1.8,Judi,yes,yes,yes,NA,2.0,2,Latte,yes,yes,yes,NA,10.0,10,France lait,yes,yes,yes,NA,3.25,3.3,Mudiaf,yes,yes,yes,NA,4.0,4,Mudiaf,yes,yes,yes,NA,2.5,2.5,Almanar,yes,yes,no,180.0,2.5,2.8,Americana,yes,yes,yes,NA,6.5,6.5,No thing,yes,yes,yes,NA,8.0,8,No thing,yes,yes,yes,NA,22.0,22,No thing,yes,yes,yes,NA,1.0,1,yes,yes,yes,NA,1.0,1,yes,yes,yes,NA,1.25,1.3,yes,yes,yes,NA,1.25,1.3,yes,yes,yes,NA,1.5,1.5,yes,yes,yes,NA,1.0,1,Fax,yes,yes,no,0.25,0.5,2,Wash,yes,yes,yes,NA,5.0,5,Dove,yes,yes,yes,NA,3.0,3,Pril,yes,yes,no,50.0,2.75,5.5,Crest,yes,yes,yes,NA,1.0,1,No thing,yes,yes,yes,NA,2.75,2.8,Lilas,yes,yes,yes,NA,15.0,15,Can bebe,vxVdqmGaBFivqequGLpMjg,10122041,d41ab090-dc8e-4855-af88-6d399c12cad4,2017-06-19T13:51:31,4
2017-06-19T13:57:25.594+02,2017-06-19T15:50:53.698+02,2017-06-19,LBY02,LBY0204,LBY020405,Hay Demachq,general_store,yes,yes,yes,NA,1.0,1,Al-Osra,yes,yes,yes,NA,2.5,2.5,Almotamaiz,yes,yes,yes,NA,1.5,1.5,Alrabea,yes,yes,yes,NA,2.5,2.5,Orient,yes,yes,no,400.0,1.5,1.9,Spiga,yes,yes,yes,NA,2.0,2,Randa,yes,yes,no,0.4,1.25,3.1,Albustan,yes,yes,yes,NA,2.25,2.3,Anna,yes,yes,no,330.0,2.5,1.5,Aljayed,yes,yes,yes,NA,1.75,1.8,Delice,yes,yes,yes,NA,12.0,12,Nido,yes,yes,yes,NA,3.0,3,Nafees,yes,yes,yes,NA,4.25,4.3,Nafees,yes,yes,yes,NA,3.25,3.3,Korina,yes,yes,no,160.0,2.0,2.5,Diana,yes,yes,yes,NA,6.0,6,Turkish,yes,yes,yes,NA,7.5,7.5,No thing,yes,yes,yes,NA,22.0,22,No thing,yes,yes,yes,NA,1.0,1,yes,yes,yes,NA,1.0,1,yes,yes,yes,NA,1.0,1,yes,yes,yes,NA,1.0,1,yes,yes,yes,NA,1.5,1.5,yes,yes,yes,NA,1.0,1,Fax,yes,yes,no,0.25,0.5,2,Wash,yes,yes,yes,NA,5.5,5.5,Dove,yes,yes,yes,NA,2.5,2.5,Pril,yes,yes,no,50.0,2.75,5.5,Crest,yes,yes,yes,NA,1.0,1,No thing,yes,yes,yes,NA,3.0,3,Lilas,yes,yes,yes,NA,15.0,15,Can babe,vxVdqmGaBFivqequGLpMjg,10122048,273dd69d-ff5c-43d2-949a-d7531c1eacec,2017-06-19T13:51:37,5
2017-06-18T01:33:06.668+02,2017-06-18T01:41:37.505+02,2017-06-18,LBY02,LBY0209,LBY020906,اولاد حزام,general_store,yes,yes,yes,NA,1.0,1,لاشيئ,yes,no,NA,NA,NA,NA,NA,yes,yes,yes,NA,2.5,2.5,بنزايد,yes,yes,yes,NA,7.0,7,ابو البنت,yes,yes,yes,NA,2.0,2,رندا,yes,yes,yes,NA,4.0,4,لاشيء,yes,yes,yes,NA,3.0,3,البستان,yes,yes,yes,NA,8,8,لاشيء,yes,yes,yes,NA,3.5,3.5,فيتالي,yes,yes,yes,NA,3.0,3,فيتالي,no,NA,NA,NA,NA,NA,NA,yes,no,NA,NA,NA,NA,NA,yes,yes,yes,NA,7.0,7,الزهرة,yes,yes,yes,NA,6.0,6,العافية,yes,yes,yes,NA,4.5,4.5,صن,yes,yes,yes,NA,7.0,7,لاشيء,no,NA,NA,NA,NA,NA,NA,no,NA,NA,NA,NA,NA,NA,yes,no,NA,NA,NA,NA,no,NA,NA,NA,NA,NA,no,NA,NA,NA,NA,NA,no,NA,NA,NA,NA,NA,no,NA,NA,NA,NA,NA,yes,yes,yes,NA,2.0,2,لوكس,yes,yes,yes,NA,15.0,15,دكسان,yes,yes,yes,NA,11.0,11,بانتين,no,NA,NA,NA,NA,NA,NA,yes,yes,yes,NA,4.0,4,كرست,yes,no,NA,NA,NA,NA,NA,yes,yes,yes,NA,3.5,3.5,نانا,yes,yes,yes,NA,20.0,20,بودوس,vxVdqmGaBFivqequGLpMjg,10125553,aa36a7eb-be48-41c8-85c5-3d976ad36ad5,2017-06-19T16:11:19,6
2017-06-18T01:41:43.645+02,2017-06-18T02:26:31.861+02,2017-06-18,LBY02,LBY0209,LBY020906,اولاد حزام,vegetable,NA,NA,NA,NA,NA,NA,NA,NA,NA,NA,NA,NA,NA,NA,NA,NA,NA,NA,NA,NA,NA,NA,NA,NA,NA,NA,NA,NA,NA,NA,NA,NA,NA,NA,NA,NA,NA,NA,NA,NA,NA,NA,NA,NA,NA,NA,NA,NA,NA,NA,NA,NA,NA,NA,NA,NA,NA,NA,NA,NA,NA,NA,NA,NA,NA,NA,NA,NA,NA,NA,NA,NA,NA,NA,NA,NA,NA,NA,NA,NA,NA,NA,NA,NA,NA,NA,NA,NA,NA,NA,NA,NA,NA,NA,NA,NA,NA,NA,NA,NA,NA,NA,NA,NA,NA,NA,NA,NA,NA,NA,NA,NA,NA,NA,NA,NA,NA,NA,NA,NA,NA,NA,NA,NA,NA,NA,NA,NA,NA,NA,NA,NA,yes,yes,yes,NA,3.0,3,yes,yes,yes,NA,1.0,1,yes,yes,yes,NA,1.5,1.5,yes,yes,yes,NA,2.5,2.5,NA,NA,NA,NA,NA,NA,NA,NA,NA,NA,NA,NA,NA,NA,NA,NA,NA,NA,NA,NA,NA,NA,NA,NA,NA,NA,NA,NA,NA,NA,NA,NA,NA,NA,NA,NA,NA,NA,NA,NA,NA,NA,NA,NA,NA,NA,NA,NA,NA,NA,NA,NA,NA,NA,NA,NA,vxVdqmGaBFivqequGLpMjg,10125554,e7710383-9c7d-4664-a996-56ad270e9be5,2017-06-19T16:11:21,7
2017-06-18T02:29:56.682+02,2017-06-19T18:02:45.458+02,2017-06-18,LBY02,LBY0209,LBY020906,اولاد حزام,butcher,NA,NA,NA,NA,NA,NA,NA,NA,NA,NA,NA,NA,NA,NA,NA,NA,NA,NA,NA,NA,NA,NA,NA,NA,NA,NA,NA,NA,NA,NA,NA,NA,NA,NA,NA,NA,NA,NA,NA,NA,NA,NA,NA,NA,NA,NA,NA,NA,NA,NA,NA,NA,NA,NA,NA,NA,NA,NA,NA,NA,NA,NA,NA,NA,NA,NA,NA,NA,NA,NA,NA,NA,NA,NA,NA,NA,NA,NA,NA,NA,NA,NA,NA,NA,NA,NA,NA,NA,NA,NA,NA,NA,NA,NA,NA,NA,NA,NA,NA,NA,NA,NA,NA,NA,NA,NA,NA,NA,NA,NA,NA,NA,yes,yes,yes,NA,9.5,9.5,NA,yes,yes,yes,NA,27.0,27,NA,NA,NA,NA,NA,NA,NA,NA,NA,NA,NA,NA,NA,NA,NA,NA,NA,NA,NA,NA,NA,NA,NA,NA,NA,NA,NA,NA,NA,NA,NA,NA,NA,NA,NA,NA,NA,NA,NA,NA,NA,NA,NA,NA,NA,NA,NA,NA,NA,NA,NA,NA,NA,NA,NA,NA,NA,NA,NA,NA,NA,NA,NA,NA,NA,NA,NA,NA,NA,NA,NA,NA,NA,NA,NA,NA,NA,NA,NA,NA,NA,NA,NA,NA,NA,NA,NA,vxVdqmGaBFivqequGLpMjg,10125555,7b1c711b-7470-46c7-8c36-3fd21067ca57,2017-06-19T16:11:22,8
2017-06-18T02:31:51.436+02,2017-06-19T18:04:11.529+02,2017-06-18,LBY02,LBY0209,LBY020906,اولاد حزام,butcher,NA,NA,NA,NA,NA,NA,NA,NA,NA,NA,NA,NA,NA,NA,NA,NA,NA,NA,NA,NA,NA,NA,NA,NA,NA,NA,NA,NA,NA,NA,NA,NA,NA,NA,NA,NA,NA,NA,NA,NA,NA,NA,NA,NA,NA,NA,NA,NA,NA,NA,NA,NA,NA,NA,NA,NA,NA,NA,NA,NA,NA,NA,NA,NA,NA,NA,NA,NA,NA,NA,NA,NA,NA,NA,NA,NA,NA,NA,NA,NA,NA,NA,NA,NA,NA,NA,NA,NA,NA,NA,NA,NA,NA,NA,NA,NA,NA,NA,NA,NA,NA,NA,NA,NA,NA,NA,NA,NA,NA,NA,NA,NA,yes,yes,yes,NA,9.5,9.5,NA,yes,yes,yes,NA,27.0,27,NA,NA,NA,NA,NA,NA,NA,NA,NA,NA,NA,NA,NA,NA,NA,NA,NA,NA,NA,NA,NA,NA,NA,NA,NA,NA,NA,NA,NA,NA,NA,NA,NA,NA,NA,NA,NA,NA,NA,NA,NA,NA,NA,NA,NA,NA,NA,NA,NA,NA,NA,NA,NA,NA,NA,NA,NA,NA,NA,NA,NA,NA,NA,NA,NA,NA,NA,NA,NA,NA,NA,NA,NA,NA,NA,NA,NA,NA,NA,NA,NA,NA,NA,NA,NA,NA,NA,vxVdqmGaBFivqequGLpMjg,10125556,0525b5d7-2b8d-4fc4-86c2-6fa7da3b1d70,2017-06-19T16:11:23,9
2017-06-18T02:34:34.798+02,2017-06-19T18:05:13.464+02,2017-06-18,LBY02,LBY0209,LBY020906,اولاد حزام,bakery,NA,NA,NA,NA,NA,NA,NA,NA,NA,NA,NA,NA,NA,NA,no,NA,NA,NA,NA,NA,NA,NA,NA,NA,NA,NA,NA,NA,NA,NA,NA,NA,NA,NA,NA,NA,NA,NA,NA,NA,NA,NA,NA,NA,NA,NA,NA,NA,NA,NA,NA,NA,NA,NA,NA,NA,NA,NA,NA,NA,NA,NA,NA,NA,NA,NA,NA,NA,NA,NA,NA,NA,NA,NA,NA,NA,NA,NA,NA,NA,NA,NA,NA,NA,NA,NA,NA,NA,NA,NA,NA,NA,NA,NA,NA,NA,NA,NA,NA,NA,NA,NA,NA,NA,NA,NA,NA,NA,NA,NA,NA,NA,NA,NA,NA,NA,NA,NA,NA,NA,NA,NA,NA,NA,NA,NA,yes,yes,yes,NA,1.0,1,NA,NA,NA,NA,NA,NA,NA,NA,NA,NA,NA,NA,NA,NA,NA,NA,NA,NA,NA,NA,NA,NA,NA,NA,NA,NA,NA,NA,NA,NA,NA,NA,NA,NA,NA,NA,NA,NA,NA,NA,NA,NA,NA,NA,NA,NA,NA,NA,NA,NA,NA,NA,NA,NA,NA,NA,NA,NA,NA,NA,NA,NA,NA,NA,NA,NA,NA,NA,NA,NA,NA,NA,NA,NA,NA,NA,NA,NA,NA,NA,vxVdqmGaBFivqequGLpMjg,10125557,a4ab6f0c-c264-4d0c-8baa-d3c1837c20ea,2017-06-19T16:11:24,10
2017-06-18T02:36:10.211+02,2017-06-19T18:09:17.193+02,2017-06-18,LBY02,LBY0209,LBY020906,تغرنة,general_store,yes,yes,yes,NA,1.5,1.5,NA,yes,yes,yes,NA,2.5,2.5,NA,yes,yes,yes,NA,1.5,1.5,NA,yes,yes,yes,NA,5.0,5,الأسرة,yes,yes,yes,NA,1.5,1.5,سبيقة,yes,no,NA,NA,NA,NA,NA,yes,yes,yes,NA,2.0,2,البستان,yes,yes,yes,NA,3.5,3.5,NA,no,NA,NA,NA,NA,NA,NA,yes,yes,yes,NA,3.0,3,جودي,yes,yes,no,1.0,10.0,10,فرانس ليه,yes,yes,yes,NA,7.5,7.5,NA,yes,yes,yes,NA,10.0,10,NA,yes,yes,yes,NA,3.75,3.8,الصافي,yes,yes,yes,NA,4.5,4.5,بيتي,yes,yes,yes,NA,7.0,7,لا شيء,no,NA,NA,NA,NA,NA,NA,no,NA,NA,NA,NA,NA,NA,no,NA,NA,NA,NA,NA,yes,no,NA,NA,NA,NA,no,NA,NA,NA,NA,NA,no,NA,NA,NA,NA,NA,no,NA,NA,NA,NA,NA,yes,yes,yes,NA,1.5,1.5,دوف,yes,yes,yes,NA,15.0,15,اكسل,yes,yes,yes,NA,11.0,11,هيدنشو لدرينز,no,NA,NA,NA,NA,NA,NA,yes,yes,yes,NA,4.0,4,NA,yes,yes,yes,NA,1.0,1,NA,yes,yes,yes,NA,3.5,3.5,نانا,yes,yes,yes,NA,20.0,20,بودوس,vxVdqmGaBFivqequGLpMjg,10125559,4a7e4c12-238a-4a0c-915e-2086bfb5da31,2017-06-19T16:11:26,11
2017-06-18T10:03:47.540+02,2017-06-19T18:08:29.588+02,2017-06-18,LBY02,LBY0209,LBY020906,اولاد حزام,bakery,NA,NA,NA,NA,NA,NA,NA,NA,NA,NA,NA,NA,NA,NA,yes,yes,no,25.0,30.0,1.2,الربيع,NA,NA,NA,NA,NA,NA,NA,NA,NA,NA,NA,NA,NA,NA,NA,NA,NA,NA,NA,NA,NA,NA,NA,NA,NA,NA,NA,NA,NA,NA,NA,NA,NA,NA,NA,NA,NA,NA,NA,NA,NA,NA,NA,NA,NA,NA,NA,NA,NA,NA,NA,NA,NA,NA,NA,NA,NA,NA,NA,NA,NA,NA,NA,NA,NA,NA,NA,NA,NA,NA,NA,NA,NA,NA,NA,NA,NA,NA,NA,NA,NA,NA,NA,NA,NA,NA,NA,NA,NA,NA,NA,NA,NA,NA,NA,NA,NA,NA,NA,NA,NA,NA,NA,NA,NA,yes,yes,yes,NA,1.0,1,NA,NA,NA,NA,NA,NA,NA,NA,NA,NA,NA,NA,NA,NA,NA,NA,NA,NA,NA,NA,NA,NA,NA,NA,NA,NA,NA,NA,NA,NA,NA,NA,NA,NA,NA,NA,NA,NA,NA,NA,NA,NA,NA,NA,NA,NA,NA,NA,NA,NA,NA,NA,NA,NA,NA,NA,NA,NA,NA,NA,NA,NA,NA,NA,NA,NA,NA,NA,NA,NA,NA,NA,NA,NA,NA,NA,NA,NA,NA,NA,vxVdqmGaBFivqequGLpMjg,10125560,08572209-e1a4-4cf3-b205-13cf6e5b61d9,2017-06-19T16:11:27,12
2017-06-18T10:06:39.795+02,2017-06-18T20:23:35.906+02,2017-06-18,LBY02,LBY0209,LBY020906,تغرنة,bakery,NA,NA,NA,NA,NA,NA,NA,NA,NA,NA,NA,NA,NA,NA,yes,yes,no,18.0,22.0,1.2,الربيع,NA,NA,NA,NA,NA,NA,NA,NA,NA,NA,NA,NA,NA,NA,NA,NA,NA,NA,NA,NA,NA,NA,NA,NA,NA,NA,NA,NA,NA,NA,NA,NA,NA,NA,NA,NA,NA,NA,NA,NA,NA,NA,NA,NA,NA,NA,NA,NA,NA,NA,NA,NA,NA,NA,NA,NA,NA,NA,NA,NA,NA,NA,NA,NA,NA,NA,NA,NA,NA,NA,NA,NA,NA,NA,NA,NA,NA,NA,NA,NA,NA,NA,NA,NA,NA,NA,NA,NA,NA,NA,NA,NA,NA,NA,NA,NA,NA,NA,NA,NA,NA,NA,NA,NA,NA,yes,yes,yes,NA,1.0,1,NA,NA,NA,NA,NA,NA,NA,NA,NA,NA,NA,NA,NA,NA,NA,NA,NA,NA,NA,NA,NA,NA,NA,NA,NA,NA,NA,NA,NA,NA,NA,NA,NA,NA,NA,NA,NA,NA,NA,NA,NA,NA,NA,NA,NA,NA,NA,NA,NA,NA,NA,NA,NA,NA,NA,NA,NA,NA,NA,NA,NA,NA,NA,NA,NA,NA,NA,NA,NA,NA,NA,NA,NA,NA,NA,NA,NA,NA,NA,NA,vxVdqmGaBFivqequGLpMjg,10125561,d9608bab-3295-436d-997b-ee8c513b73c7,2017-06-19T16:11:28,13
2017-06-18T10:08:54.118+02,2017-06-18T20:23:15.746+02,2017-06-18,LBY02,LBY0209,LBY020906,ابوزيان,general_store,yes,yes,yes,NA,1.0,1,لاشيء,yes,yes,yes,NA,2.5,2.5,لاشيء,yes,yes,yes,NA,1.5,1.5,لاشيء,yes,yes,yes,NA,4.75,4.8,المبرووك,yes,yes,yes,NA,1.5,1.5,رندا,yes,yes,yes,NA,3.0,3,لاشيء,yes,yes,yes,NA,2.0,2,لاشيء,yes,yes,yes,NA,7.5,7.5,لاشيء,no,NA,NA,NA,NA,NA,NA,no,NA,NA,NA,NA,NA,NA,yes,yes,no,1.0,12.0,12,فرانسليه,yes,yes,yes,NA,6.5,6.5,المتميز,yes,yes,yes,NA,7.5,7.5,الزهرة,yes,yes,yes,NA,5.0,5,العافية,yes,yes,yes,NA,4.5,4.5,بيتي,yes,yes,yes,NA,7.0,7,لاشيء,no,NA,NA,NA,NA,NA,NA,no,NA,NA,NA,NA,NA,NA,no,NA,NA,NA,NA,NA,no,NA,NA,NA,NA,NA,no,NA,NA,NA,NA,NA,no,NA,NA,NA,NA,NA,no,NA,NA,NA,NA,NA,yes,yes,yes,NA,3.5,3.5,دوف,yes,yes,yes,NA,10.0,10,اكسل,yes,yes,yes,NA,8.5,8.5,صانسيلك,no,NA,NA,NA,NA,NA,NA,yes,yes,yes,NA,4.0,4,كولجيت,yes,yes,yes,NA,3.0,3,لاشيء,yes,yes,yes,NA,3.0,3,نانا,yes,yes,yes,NA,19.0,19,لاكي بيبي,vxVdqmGaBFivqequGLpMjg,10125562,ab32f0dd-0e36-4538-bbcd-79dc3be06390,2017-06-19T16:11:29,14
2017-06-18T10:18:43.161+02,2017-06-18T20:20:06.330+02,2017-06-18,LBY02,LBY0209,LBY020906,ابوزيان,butcher,NA,NA,NA,NA,NA,NA,NA,NA,NA,NA,NA,NA,NA,NA,NA,NA,NA,NA,NA,NA,NA,NA,NA,NA,NA,NA,NA,NA,NA,NA,NA,NA,NA,NA,NA,NA,NA,NA,NA,NA,NA,NA,NA,NA,NA,NA,NA,NA,NA,NA,NA,NA,NA,NA,NA,NA,NA,NA,NA,NA,NA,NA,NA,NA,NA,NA,NA,NA,NA,NA,NA,NA,NA,NA,NA,NA,NA,NA,NA,NA,NA,NA,NA,NA,NA,NA,NA,NA,NA,NA,NA,NA,NA,NA,NA,NA,NA,NA,NA,NA,NA,NA,NA,NA,NA,NA,NA,NA,NA,NA,NA,NA,yes,yes,yes,NA,9.5,9.5,لاشيء,yes,yes,yes,NA,27.0,27,لاشيء,NA,NA,NA,NA,NA,NA,NA,NA,NA,NA,NA,NA,NA,NA,NA,NA,NA,NA,NA,NA,NA,NA,NA,NA,NA,NA,NA,NA,NA,NA,NA,NA,NA,NA,NA,NA,NA,NA,NA,NA,NA,NA,NA,NA,NA,NA,NA,NA,NA,NA,NA,NA,NA,NA,NA,NA,NA,NA,NA,NA,NA,NA,NA,NA,NA,NA,NA,NA,NA,NA,NA,NA,NA,NA,NA,NA,NA,NA,NA,NA,NA,NA,NA,NA,NA,NA,vxVdqmGaBFivqequGLpMjg,10125563,05cf071c-a7eb-4b91-a58a-289c8e18a195,2017-06-19T16:11:30,15
2017-06-18T10:20:39.844+02,2017-06-18T20:24:42.241+02,2017-06-18,LBY02,LBY0209,LBY020906,ابوزيان,bakery,NA,NA,NA,NA,NA,NA,NA,NA,NA,NA,NA,NA,NA,NA,yes,no,NA,NA,NA,NA,NA,NA,NA,NA,NA,NA,NA,NA,NA,NA,NA,NA,NA,NA,NA,NA,NA,NA,NA,NA,NA,NA,NA,NA,NA,NA,NA,NA,NA,NA,NA,NA,NA,NA,NA,NA,NA,NA,NA,NA,NA,NA,NA,NA,NA,NA,NA,NA,NA,NA,NA,NA,NA,NA,NA,NA,NA,NA,NA,NA,NA,NA,NA,NA,NA,NA,NA,NA,NA,NA,NA,NA,NA,NA,NA,NA,NA,NA,NA,NA,NA,NA,NA,NA,NA,NA,NA,NA,NA,NA,NA,NA,NA,NA,NA,NA,NA,NA,NA,NA,NA,NA,NA,NA,NA,NA,yes,yes,yes,NA,1.0,1,NA,NA,NA,NA,NA,NA,NA,NA,NA,NA,NA,NA,NA,NA,NA,NA,NA,NA,NA,NA,NA,NA,NA,NA,NA,NA,NA,NA,NA,NA,NA,NA,NA,NA,NA,NA,NA,NA,NA,NA,NA,NA,NA,NA,NA,NA,NA,NA,NA,NA,NA,NA,NA,NA,NA,NA,NA,NA,NA,NA,NA,NA,NA,NA,NA,NA,NA,NA,NA,NA,NA,NA,NA,NA,NA,NA,NA,NA,NA,NA,vxVdqmGaBFivqequGLpMjg,10125565,959cdf84-f90e-4a6e-9d91-c942b9efdb43,2017-06-19T16:11:32,16
2017-06-18T10:22:27.603+02,2017-06-18T20:20:41.197+02,2017-06-18,LBY02,LBY0209,LBY020906,ابوزيان,vegetable,NA,NA,NA,NA,NA,NA,NA,NA,NA,NA,NA,NA,NA,NA,NA,NA,NA,NA,NA,NA,NA,NA,NA,NA,NA,NA,NA,NA,NA,NA,NA,NA,NA,NA,NA,NA,NA,NA,NA,NA,NA,NA,NA,NA,NA,NA,NA,NA,NA,NA,NA,NA,NA,NA,NA,NA,NA,NA,NA,NA,NA,NA,NA,NA,NA,NA,NA,NA,NA,NA,NA,NA,NA,NA,NA,NA,NA,NA,NA,NA,NA,NA,NA,NA,NA,NA,NA,NA,NA,NA,NA,NA,NA,NA,NA,NA,NA,NA,NA,NA,NA,NA,NA,NA,NA,NA,NA,NA,NA,NA,NA,NA,NA,NA,NA,NA,NA,NA,NA,NA,NA,NA,NA,NA,NA,NA,NA,NA,NA,NA,NA,NA,yes,yes,yes,NA,2.5,2.5,yes,yes,yes,NA,2.0,2,yes,yes,yes,NA,1.5,1.5,yes,yes,yes,NA,2.75,2.8,NA,NA,NA,NA,NA,NA,NA,NA,NA,NA,NA,NA,NA,NA,NA,NA,NA,NA,NA,NA,NA,NA,NA,NA,NA,NA,NA,NA,NA,NA,NA,NA,NA,NA,NA,NA,NA,NA,NA,NA,NA,NA,NA,NA,NA,NA,NA,NA,NA,NA,NA,NA,NA,NA,NA,NA,vxVdqmGaBFivqequGLpMjg,10125566,0e4262c2-3995-4ea4-b053-1af31ab1ab57,2017-06-19T16:11:33,17
2017-06-18T10:25:10.095+02,2017-06-18T20:24:02.931+02,2017-06-18,LBY02,LBY0209,LBY020906,بني داود (تغسات),central_market,NA,NA,NA,NA,NA,NA,NA,NA,NA,NA,NA,NA,NA,NA,NA,NA,NA,NA,NA,NA,NA,NA,NA,NA,NA,NA,NA,NA,NA,NA,NA,NA,NA,NA,NA,NA,NA,NA,NA,NA,NA,NA,NA,NA,NA,NA,NA,NA,NA,NA,NA,NA,NA,NA,NA,NA,NA,NA,NA,NA,NA,NA,NA,NA,NA,NA,NA,NA,NA,NA,NA,NA,NA,NA,NA,NA,NA,NA,NA,NA,NA,NA,NA,NA,NA,NA,NA,NA,NA,NA,NA,NA,NA,NA,NA,NA,NA,NA,NA,NA,NA,NA,NA,NA,NA,NA,NA,NA,NA,NA,NA,NA,no,NA,NA,NA,NA,NA,NA,no,NA,NA,NA,NA,NA,NA,NA,NA,NA,NA,NA,NA,no,NA,NA,NA,NA,NA,no,NA,NA,NA,NA,NA,no,NA,NA,NA,NA,NA,no,NA,NA,NA,NA,NA,NA,NA,NA,NA,NA,NA,NA,NA,NA,NA,NA,NA,NA,NA,NA,NA,NA,NA,NA,NA,NA,NA,NA,NA,NA,NA,NA,NA,NA,NA,NA,NA,NA,NA,NA,NA,NA,NA,NA,NA,NA,NA,NA,NA,NA,NA,NA,NA,NA,NA,NA,NA,NA,NA,NA,NA,vxVdqmGaBFivqequGLpMjg,10125567,cc3ba02b-5a5e-4b5a-90c2-f981bc1f1d40,2017-06-19T16:11:34,18
2017-06-18T10:29:33.432+02,2017-06-18T20:21:24.548+02,2017-06-18,LBY02,LBY0209,LBY020906,بني داود( تغسات),general_store,yes,yes,yes,NA,1.0,1,لاشيء,yes,yes,yes,NA,3.5,3.5,لاشيء,yes,yes,yes,NA,1.5,1.5,الربيع,yes,yes,yes,NA,7.0,7,ابو البنت,yes,yes,yes,NA,2.0,2,رندا,yes,yes,yes,NA,3.5,3.5,لاشيء,yes,yes,yes,NA,2.5,2.5,البستان,yes,yes,yes,NA,4,4,لاشيء,no,NA,NA,NA,NA,NA,NA,yes,yes,yes,NA,3.25,3.3,جودي,yes,yes,yes,NA,10.0,10,فرانس ليه,yes,yes,yes,NA,6.5,6.5,المتميز,yes,yes,yes,NA,7.5,7.5,الزهراة,yes,yes,yes,NA,5.0,5,العافية,yes,yes,yes,NA,3.25,3.3,صن,yes,yes,yes,NA,8.0,8,لاشيء,no,NA,NA,NA,NA,NA,NA,no,NA,NA,NA,NA,NA,NA,no,NA,NA,NA,NA,NA,no,NA,NA,NA,NA,NA,no,NA,NA,NA,NA,NA,no,NA,NA,NA,NA,NA,no,NA,NA,NA,NA,NA,yes,yes,yes,NA,1.5,1.5,لوكس,yes,yes,no,2.5,15.0,6,الربيع,yes,yes,yes,NA,4.5,4.5,الصفاء,no,NA,NA,NA,NA,NA,NA,yes,yes,yes,NA,3.5,3.5,سقنال,yes,no,NA,NA,NA,NA,NA,yes,yes,yes,NA,3.5,3.5,نانا,yes,yes,yes,NA,20.0,20,بودوس,vxVdqmGaBFivqequGLpMjg,10125569,8162b082-8464-4ba4-88c8-1ff842412ea9,2017-06-19T16:11:36,19
2017-06-18T10:37:43.828+02,2017-06-18T20:22:10.528+02,2017-06-18,LBY02,LBY0209,LBY020906,تغسات بني داود,butcher,NA,NA,NA,NA,NA,NA,NA,NA,NA,NA,NA,NA,NA,NA,NA,NA,NA,NA,NA,NA,NA,NA,NA,NA,NA,NA,NA,NA,NA,NA,NA,NA,NA,NA,NA,NA,NA,NA,NA,NA,NA,NA,NA,NA,NA,NA,NA,NA,NA,NA,NA,NA,NA,NA,NA,NA,NA,NA,NA,NA,NA,NA,NA,NA,NA,NA,NA,NA,NA,NA,NA,NA,NA,NA,NA,NA,NA,NA,NA,NA,NA,NA,NA,NA,NA,NA,NA,NA,NA,NA,NA,NA,NA,NA,NA,NA,NA,NA,NA,NA,NA,NA,NA,NA,NA,NA,NA,NA,NA,NA,NA,NA,yes,yes,yes,NA,9.5,9.5,لاشيء,yes,yes,yes,NA,27.0,27,لاشيء,NA,NA,NA,NA,NA,NA,NA,NA,NA,NA,NA,NA,NA,NA,NA,NA,NA,NA,NA,NA,NA,NA,NA,NA,NA,NA,NA,NA,NA,NA,NA,NA,NA,NA,NA,NA,NA,NA,NA,NA,NA,NA,NA,NA,NA,NA,NA,NA,NA,NA,NA,NA,NA,NA,NA,NA,NA,NA,NA,NA,NA,NA,NA,NA,NA,NA,NA,NA,NA,NA,NA,NA,NA,NA,NA,NA,NA,NA,NA,NA,NA,NA,NA,NA,NA,NA,vxVdqmGaBFivqequGLpMjg,10125570,c0e6105b-63be-467d-84e6-87a02b4fb6cc,2017-06-19T16:11:37,20
2017-06-18T10:50:00.481+02,2017-06-18T20:22:38.647+02,2017-06-18,LBY02,LBY0209,LBY020906,السقائف,vegetable,NA,NA,NA,NA,NA,NA,NA,NA,NA,NA,NA,NA,NA,NA,NA,NA,NA,NA,NA,NA,NA,NA,NA,NA,NA,NA,NA,NA,NA,NA,NA,NA,NA,NA,NA,NA,NA,NA,NA,NA,NA,NA,NA,NA,NA,NA,NA,NA,NA,NA,NA,NA,NA,NA,NA,NA,NA,NA,NA,NA,NA,NA,NA,NA,NA,NA,NA,NA,NA,NA,NA,NA,NA,NA,NA,NA,NA,NA,NA,NA,NA,NA,NA,NA,NA,NA,NA,NA,NA,NA,NA,NA,NA,NA,NA,NA,NA,NA,NA,NA,NA,NA,NA,NA,NA,NA,NA,NA,NA,NA,NA,NA,NA,NA,NA,NA,NA,NA,NA,NA,NA,NA,NA,NA,NA,NA,NA,NA,NA,NA,NA,NA,yes,yes,yes,NA,2.0,2,yes,yes,yes,NA,1.0,1,yes,yes,yes,NA,1.0,1,yes,yes,yes,NA,2.5,2.5,NA,NA,NA,NA,NA,NA,NA,NA,NA,NA,NA,NA,NA,NA,NA,NA,NA,NA,NA,NA,NA,NA,NA,NA,NA,NA,NA,NA,NA,NA,NA,NA,NA,NA,NA,NA,NA,NA,NA,NA,NA,NA,NA,NA,NA,NA,NA,NA,NA,NA,NA,NA,NA,NA,NA,NA,vxVdqmGaBFivqequGLpMjg,10125571,186ea7fa-c7b4-4cd2-bfc6-e89c9ac94dfa,2017-06-19T16:11:38,21
2017-06-19T15:11:40.295+02,2017-06-19T15:19:05.584+02,2017-06-19,LBY02,LBY0209,LBY020902,الجنوبيه,butcher,NA,NA,NA,NA,NA,NA,NA,NA,NA,NA,NA,NA,NA,NA,NA,NA,NA,NA,NA,NA,NA,NA,NA,NA,NA,NA,NA,NA,NA,NA,NA,NA,NA,NA,NA,NA,NA,NA,NA,NA,NA,NA,NA,NA,NA,NA,NA,NA,NA,NA,NA,NA,NA,NA,NA,NA,NA,NA,NA,NA,NA,NA,NA,NA,NA,NA,NA,NA,NA,NA,NA,NA,NA,NA,NA,NA,NA,NA,NA,NA,NA,NA,NA,NA,NA,NA,NA,NA,NA,NA,NA,NA,NA,NA,NA,NA,NA,NA,NA,NA,NA,NA,NA,NA,NA,NA,NA,NA,NA,NA,NA,NA,yes,yes,no,1.5,17.0,11.3,وطني,yes,yes,yes,NA,27.0,27,لاشي,NA,NA,NA,NA,NA,NA,NA,NA,NA,NA,NA,NA,NA,NA,NA,NA,NA,NA,NA,NA,NA,NA,NA,NA,NA,NA,NA,NA,NA,NA,NA,NA,NA,NA,NA,NA,NA,NA,NA,NA,NA,NA,NA,NA,NA,NA,NA,NA,NA,NA,NA,NA,NA,NA,NA,NA,NA,NA,NA,NA,NA,NA,NA,NA,NA,NA,NA,NA,NA,NA,NA,NA,NA,NA,NA,NA,NA,NA,NA,NA,NA,NA,NA,NA,NA,NA,vxVdqmGaBFivqequGLpMjg,10128251,300943eb-4077-484b-b706-13bf9141451d,2017-06-19T19:16:26,22
2017-06-19T15:22:57.444+02,2017-06-19T15:25:50.727+02,2017-06-19,LBY02,LBY0209,LBY020902,الشرقيه,bakery,NA,NA,NA,NA,NA,NA,NA,NA,NA,NA,NA,NA,NA,NA,no,NA,NA,NA,NA,NA,NA,NA,NA,NA,NA,NA,NA,NA,NA,NA,NA,NA,NA,NA,NA,NA,NA,NA,NA,NA,NA,NA,NA,NA,NA,NA,NA,NA,NA,NA,NA,NA,NA,NA,NA,NA,NA,NA,NA,NA,NA,NA,NA,NA,NA,NA,NA,NA,NA,NA,NA,NA,NA,NA,NA,NA,NA,NA,NA,NA,NA,NA,NA,NA,NA,NA,NA,NA,NA,NA,NA,NA,NA,NA,NA,NA,NA,NA,NA,NA,NA,NA,NA,NA,NA,NA,NA,NA,NA,NA,NA,NA,NA,NA,NA,NA,NA,NA,NA,NA,NA,NA,NA,NA,NA,NA,yes,yes,yes,NA,0.5,0.5,NA,NA,NA,NA,NA,NA,NA,NA,NA,NA,NA,NA,NA,NA,NA,NA,NA,NA,NA,NA,NA,NA,NA,NA,NA,NA,NA,NA,NA,NA,NA,NA,NA,NA,NA,NA,NA,NA,NA,NA,NA,NA,NA,NA,NA,NA,NA,NA,NA,NA,NA,NA,NA,NA,NA,NA,NA,NA,NA,NA,NA,NA,NA,NA,NA,NA,NA,NA,NA,NA,NA,NA,NA,NA,NA,NA,NA,NA,NA,NA,vxVdqmGaBFivqequGLpMjg,10128252,82ac89a9-c44a-4913-bad6-0a43a8c904aa,2017-06-19T19:16:33,23
2017-06-19T15:27:02.635+02:00,2017-06-19T21:03:18.000+01:00,2017-06-19,LBY02,LBY0209,LBY020902,الشرقيه,general_store,yes,yes,yes,NA,1.0,1,كوتزال,yes,yes,yes,NA,3.0,3,الخليج,yes,yes,yes,NA,3.0,3,الربيع,yes,yes,yes,NA,3.0,3,الاسره,yes,yes,yes,NA,1.5,1.5,سبيقه,yes,yes,yes,NA,3.25,3.3,دياري,yes,yes,no,0.4,1.25,3.1,البستان,yes,yes,yes,NA,2.5,2.5,لارا,yes,yes,no,160,2.25,2.8,ابوقوس,yes,yes,yes,NA,4.75,4.8,جودي,yes,yes,no,0.4,12.5,31.3,ليبتمول,yes,yes,no,500,9.0,4.5,شاهي نابت,yes,yes,yes,NA,10.0,10,العروسه,yes,yes,yes,NA,4.0,4,عاليه,yes,yes,yes,NA,5.0,5,لحم التونه الفاتح,yes,yes,yes,NA,8.5,8.5,لاشي,yes,yes,no,1.5,17.0,11.3,محلي,yes,yes,yes,NA,27.0,27,محلي,no,NA,NA,NA,NA,NA,yes,yes,yes,NA,2.0,2,yes,yes,yes,NA,2.0,2,yes,yes,yes,NA,2.0,2,yes,yes,yes,NA,2.5,2.5,yes,yes,yes,NA,1.75,1.8,لوكس,yes,yes,no,0.2,1.0,5,النجمه,yes,yes,no,380.0,6.0,3.9,سوبلاس,yes,yes,no,5.0,6.0,1.2,النجمه,yes,yes,yes,NA,4.5,4.5,سينجنال,yes,yes,yes,NA,2.0,2,لاشي,yes,yes,yes,NA,3.5,3.5,ليلاس,yes,yes,yes,NA,20.0,20,بودوس,vxVdqmGaBFivqequGLpMjg,10128253,f6ebbcd3-64e9-482b-9c70-418ca7602ed0,2017-06-19T19:16:39,24
2017-06-19T16:16:40.472+02:00,2017-06-19T21:00:44.000+01:00,2017-06-19,LBY02,LBY0209,LBY020902,السوق,general_store,yes,yes,yes,NA,0.75,0.8,الاسره,yes,yes,yes,NA,3.0,3,الخليج,yes,yes,yes,NA,1.5,1.5,دقيق,yes,yes,yes,NA,3.25,3.3,الاسره,yes,yes,yes,NA,1.75,1.8,سبيقه,yes,yes,yes,NA,4.0,4,دياري,yes,yes,yes,NA,1.75,1.8,البستان,yes,no,NA,NA,NA,NA,NA,yes,yes,no,160,3.0,3.8,المراعي,yes,yes,yes,NA,4.5,4.5,لاتي,yes,yes,yes,NA,12.5,12.5,ليبتيمول,yes,yes,no,500,9.5,4.8,الشنمي,yes,yes,no,500,6.0,3,البركه,yes,yes,yes,NA,5.0,5,المروه,yes,yes,no,140,3.5,5,امريكانا,yes,yes,yes,NA,8.5,8.5,لاشي,yes,yes,no,1.5,17.0,11.3,لاشي,yes,yes,yes,NA,28.0,28,محلي,no,NA,NA,NA,NA,NA,no,NA,NA,NA,NA,NA,no,NA,NA,NA,NA,NA,no,NA,NA,NA,NA,NA,no,NA,NA,NA,NA,NA,yes,yes,yes,NA,1.0,1,جيسي,yes,yes,no,0.2,3.0,15,نضيف,yes,yes,no,380.0,7.0,4.6,سوبلاس,yes,yes,no,5.0,6.0,1.2,النجمه,yes,yes,no,60.0,2.5,4.2,المسواك,yes,yes,yes,NA,2.5,2.5,كريس,yes,yes,yes,NA,2.75,2.8,ليلاس,yes,yes,yes,NA,20.0,20,بودوس,vxVdqmGaBFivqequGLpMjg,10128254,642c91a1-98cf-49a2-9b75-c9a3663b95cf,2017-06-19T19:16:47,25
2017-06-19T16:42:10.391+02:00,2017-06-19T20:58:09.000+01:00,2017-06-19,LBY02,LBY0209,LBY020902,الشرقيه,general_store,yes,yes,yes,NA,0.75,0.8,الاسره,yes,yes,yes,NA,3.0,3,ماسه,yes,yes,yes,NA,1.5,1.5,الربيع,yes,yes,yes,NA,3.0,3,اركان طرابلس,yes,yes,yes,NA,1.75,1.8,سبيقه,yes,yes,yes,NA,3.5,3.5,دياري,yes,yes,yes,NA,1.25,1.3,البستان,yes,yes,yes,NA,2.5,2.5,انا,yes,yes,no,385.0,4.5,2.3,الزهرات,yes,yes,yes,NA,4.0,4,لاتي,yes,yes,no,0.4,12.5,31.3,ليبتينول,yes,yes,yes,NA,5.5,5.5,نابت,yes,yes,yes,NA,6.5,6.5,الزهره,yes,yes,yes,NA,4.0,4,المروه,yes,yes,no,185,3.75,4.1,امريكانا,yes,yes,yes,NA,8.0,8,لاشي,no,NA,NA,NA,NA,NA,NA,no,NA,NA,NA,NA,NA,NA,no,NA,NA,NA,NA,NA,no,NA,NA,NA,NA,NA,no,NA,NA,NA,NA,NA,no,NA,NA,NA,NA,NA,no,NA,NA,NA,NA,NA,yes,yes,yes,NA,1.0,1,فاكس,yes,yes,no,0.2,1.25,6.3,النجمه,yes,yes,no,380.0,6.5,4.3,سوبلاس,yes,yes,no,5.0,6.0,1.2,النجمه,yes,yes,no,65.0,2.5,3.8,المسواك,yes,no,NA,NA,NA,NA,NA,yes,yes,yes,NA,3.0,3,ليلاس,yes,yes,yes,NA,20.0,20,بودوس,vxVdqmGaBFivqequGLpMjg,10128256,1d8cb454-c3a9-40c5-b120-f849aa477d2d,2017-06-19T19:16:53,26
2017-06-19T17:19:42.541+02,2017-06-19T17:24:05.892+02,2017-06-19,LBY02,LBY0209,LBY020902,السوق,vegetable,NA,NA,NA,NA,NA,NA,NA,NA,NA,NA,NA,NA,NA,NA,NA,NA,NA,NA,NA,NA,NA,NA,NA,NA,NA,NA,NA,NA,NA,NA,NA,NA,NA,NA,NA,NA,NA,NA,NA,NA,NA,NA,NA,NA,NA,NA,NA,NA,NA,NA,NA,NA,NA,NA,NA,NA,NA,NA,NA,NA,NA,NA,NA,NA,NA,NA,NA,NA,NA,NA,NA,NA,NA,NA,NA,NA,NA,NA,NA,NA,NA,NA,NA,NA,NA,NA,NA,NA,NA,NA,NA,NA,NA,NA,NA,NA,NA,NA,NA,NA,NA,NA,NA,NA,NA,NA,NA,NA,NA,NA,NA,NA,NA,NA,NA,NA,NA,NA,NA,NA,NA,NA,NA,NA,NA,NA,NA,NA,NA,NA,NA,NA,yes,yes,yes,NA,2.0,2,yes,yes,yes,NA,2.0,2,yes,yes,yes,NA,2.0,2,yes,yes,yes,NA,3.0,3,NA,NA,NA,NA,NA,NA,NA,NA,NA,NA,NA,NA,NA,NA,NA,NA,NA,NA,NA,NA,NA,NA,NA,NA,NA,NA,NA,NA,NA,NA,NA,NA,NA,NA,NA,NA,NA,NA,NA,NA,NA,NA,NA,NA,NA,NA,NA,NA,NA,NA,NA,NA,NA,NA,NA,NA,vxVdqmGaBFivqequGLpMjg,10128257,405445b5-0bba-4f4e-bcc1-85287d3c8eea,2017-06-19T19:16:59,27
2017-06-19T17:25:43.230+02,2017-06-19T17:28:42.554+02,2017-06-19,LBY02,LBY0209,LBY020902,السوق,butcher,NA,NA,NA,NA,NA,NA,NA,NA,NA,NA,NA,NA,NA,NA,NA,NA,NA,NA,NA,NA,NA,NA,NA,NA,NA,NA,NA,NA,NA,NA,NA,NA,NA,NA,NA,NA,NA,NA,NA,NA,NA,NA,NA,NA,NA,NA,NA,NA,NA,NA,NA,NA,NA,NA,NA,NA,NA,NA,NA,NA,NA,NA,NA,NA,NA,NA,NA,NA,NA,NA,NA,NA,NA,NA,NA,NA,NA,NA,NA,NA,NA,NA,NA,NA,NA,NA,NA,NA,NA,NA,NA,NA,NA,NA,NA,NA,NA,NA,NA,NA,NA,NA,NA,NA,NA,NA,NA,NA,NA,NA,NA,NA,yes,yes,no,1.7,17.0,10,لاشي,yes,yes,yes,NA,28.0,28,محلي,NA,NA,NA,NA,NA,NA,NA,NA,NA,NA,NA,NA,NA,NA,NA,NA,NA,NA,NA,NA,NA,NA,NA,NA,NA,NA,NA,NA,NA,NA,NA,NA,NA,NA,NA,NA,NA,NA,NA,NA,NA,NA,NA,NA,NA,NA,NA,NA,NA,NA,NA,NA,NA,NA,NA,NA,NA,NA,NA,NA,NA,NA,NA,NA,NA,NA,NA,NA,NA,NA,NA,NA,NA,NA,NA,NA,NA,NA,NA,NA,NA,NA,NA,NA,NA,NA,vxVdqmGaBFivqequGLpMjg,10128258,3c0f3531-bfa0-4cf5-aa41-74a01aea3abd,2017-06-19T19:17:04,28
2017-06-19T18:00:06.006+02,2017-06-20T12:42:13.586+02,2017-06-19,LBY02,LBY0204,LBY020404,Zawiat Al-dohmani,general_store,yes,yes,yes,NA,1.0,1,Al-Osra,yes,yes,yes,NA,2.0,2,Queen,yes,yes,yes,NA,1.5,1.5,Al-Rabea,yes,yes,yes,NA,2.5,2.5,Al-Mabrouk,yes,yes,no,400.0,1.25,1.6,Spiga,yes,yes,yes,NA,2.0,2,Randa,yes,yes,no,0.4,1.0,2.5,Al-Bustan,yes,yes,yes,NA,2.0,2,Anna,yes,yes,no,330.0,2.25,1.4,Al-Jayed,yes,yes,yes,NA,2.0,2,Latte,yes,yes,yes,NA,12.0,12,Nido one plus,yes,yes,yes,NA,3.25,3.3,Ceillan,yes,yes,yes,NA,4.0,4,Ceillan,yes,yes,yes,NA,2.5,2.5,Korina,yes,yes,no,180.0,2.0,2.2,Diana,yes,yes,yes,NA,6.5,6.5,Turkish,yes,yes,yes,NA,7.5,7.5,No thing,yes,yes,yes,NA,22.0,22,Spanish,yes,yes,yes,NA,1.0,1,yes,yes,yes,NA,1.0,1,yes,yes,yes,NA,1.5,1.5,yes,yes,yes,NA,1.5,1.5,yes,yes,yes,NA,2.0,2,yes,yes,yes,NA,1.0,1,Fax,yes,yes,no,0.25,0.5,2,Wash,yes,yes,yes,NA,4.0,4,Sunshine,yes,yes,yes,NA,1.5,1.5,No thing,yes,yes,no,50.0,2.5,5,Crest,yes,yes,yes,NA,1.0,1,No thing,yes,yes,yes,NA,2.75,2.8,Lilas,yes,yes,yes,NA,15.0,15,Can babe,vxVdqmGaBFivqequGLpMjg,10145900,fa2a26c7-7d21-4776-ba67-5055bddb7715,2017-06-20T11:47:12,29
2017-06-19T18:23:00.377+02,2017-06-20T13:09:35.974+02,2017-06-19,LBY02,LBY0204,LBY020406,Airport hwy,general_store,yes,yes,yes,NA,1.0,1,Al-Osra,yes,yes,yes,NA,2.0,2,Queen,yes,yes,yes,NA,1.5,1.5,Al-Rabea,yes,yes,yes,NA,2.0,2,Orient,yes,yes,no,400.0,1.25,1.6,Spiga,yes,yes,yes,NA,2.0,2,Randa,yes,yes,no,0.4,1.5,3.8,Al-Bustan,yes,yes,yes,NA,2.25,2.3,Anna,yes,yes,no,330.0,2.25,1.4,Al-Jayed,yes,yes,yes,NA,2.0,2,Latte,yes,yes,yes,NA,18.0,18,Babe lac,yes,yes,yes,NA,3.25,3.3,Ceillani,yes,yes,yes,NA,4.0,4,Ceillani,yes,yes,yes,NA,2.5,2.5,Korina,yes,yes,no,180.0,2.5,2.8,Americana,yes,yes,yes,NA,6.5,6.5,Turkish,yes,yes,yes,NA,7.5,7.5,No thing,yes,yes,yes,NA,22.0,22,Spanish,yes,yes,yes,NA,1.0,1,yes,yes,yes,NA,1.0,1,yes,yes,yes,NA,1.25,1.3,yes,yes,yes,NA,1.5,1.5,yes,yes,yes,NA,2.0,2,yes,yes,yes,NA,1.0,1,Fax,yes,yes,no,0.25,0.5,2,Wash,yes,yes,yes,NA,5.0,5,Sunshine,yes,yes,yes,NA,1.5,1.5,No thing,yes,yes,no,50.0,2.5,5,Crest,yes,yes,yes,NA,1.0,1,No thing,yes,yes,yes,NA,2.5,2.5,Lilas,yes,yes,yes,NA,15.0,15,Can babe,vxVdqmGaBFivqequGLpMjg,10145909,012d707b-2384-4809-b46f-42038af38c36,2017-06-20T11:47:16,30
2017-06-20T19:10:58.656+02,2017-06-20T19:40:00.260+02,2017-06-20,LBY02,LBY0204,LBY020406,Alhai Al-Eslami,central_market,NA,NA,NA,NA,NA,NA,NA,NA,NA,NA,NA,NA,NA,NA,NA,NA,NA,NA,NA,NA,NA,NA,NA,NA,NA,NA,NA,NA,NA,NA,NA,NA,NA,NA,NA,NA,NA,NA,NA,NA,NA,NA,NA,NA,NA,NA,NA,NA,NA,NA,NA,NA,NA,NA,NA,NA,NA,NA,NA,NA,NA,NA,NA,NA,NA,NA,NA,NA,NA,NA,NA,NA,NA,NA,NA,NA,NA,NA,NA,NA,NA,NA,NA,NA,NA,NA,NA,NA,NA,NA,NA,NA,NA,NA,NA,NA,NA,NA,NA,NA,NA,NA,NA,NA,NA,NA,NA,NA,NA,NA,NA,NA,no,NA,NA,NA,NA,NA,NA,no,NA,NA,NA,NA,NA,NA,NA,NA,NA,NA,NA,NA,yes,yes,yes,NA,1.0,1,yes,yes,yes,NA,1.0,1,yes,yes,yes,NA,1.0,1,yes,yes,yes,NA,1.5,1.5,NA,NA,NA,NA,NA,NA,NA,NA,NA,NA,NA,NA,NA,NA,NA,NA,NA,NA,NA,NA,NA,NA,NA,NA,NA,NA,NA,NA,NA,NA,NA,NA,NA,NA,NA,NA,NA,NA,NA,NA,NA,NA,NA,NA,NA,NA,NA,NA,NA,NA,NA,NA,NA,NA,NA,NA,vxVdqmGaBFivqequGLpMjg,10156535,8164a42c-7088-45f8-8192-2b2bd3d01b34,2017-06-20T17:42:03,31
2017-06-20T19:12:31.054+02,2017-06-20T19:38:41.245+02,2017-06-20,LBY02,LBY0204,LBY020406,Alhai Al-Eslami,central_market,NA,NA,NA,NA,NA,NA,NA,NA,NA,NA,NA,NA,NA,NA,NA,NA,NA,NA,NA,NA,NA,NA,NA,NA,NA,NA,NA,NA,NA,NA,NA,NA,NA,NA,NA,NA,NA,NA,NA,NA,NA,NA,NA,NA,NA,NA,NA,NA,NA,NA,NA,NA,NA,NA,NA,NA,NA,NA,NA,NA,NA,NA,NA,NA,NA,NA,NA,NA,NA,NA,NA,NA,NA,NA,NA,NA,NA,NA,NA,NA,NA,NA,NA,NA,NA,NA,NA,NA,NA,NA,NA,NA,NA,NA,NA,NA,NA,NA,NA,NA,NA,NA,NA,NA,NA,NA,NA,NA,NA,NA,NA,NA,no,NA,NA,NA,NA,NA,NA,no,NA,NA,NA,NA,NA,NA,NA,NA,NA,NA,NA,NA,yes,yes,yes,NA,1.0,1,yes,yes,yes,NA,1.25,1.3,yes,yes,yes,NA,1.25,1.3,yes,yes,yes,NA,1.75,1.8,NA,NA,NA,NA,NA,NA,NA,NA,NA,NA,NA,NA,NA,NA,NA,NA,NA,NA,NA,NA,NA,NA,NA,NA,NA,NA,NA,NA,NA,NA,NA,NA,NA,NA,NA,NA,NA,NA,NA,NA,NA,NA,NA,NA,NA,NA,NA,NA,NA,NA,NA,NA,NA,NA,NA,NA,vxVdqmGaBFivqequGLpMjg,10156536,8d3fde92-8c0b-4a99-a4a3-8d9e14630293,2017-06-20T17:42:05,32
2017-06-20T19:14:58.658+02,2017-06-20T19:41:23.597+02,2017-06-20,LBY02,LBY0204,LBY020406,Alhai Al-Eslami,central_market,NA,NA,NA,NA,NA,NA,NA,NA,NA,NA,NA,NA,NA,NA,NA,NA,NA,NA,NA,NA,NA,NA,NA,NA,NA,NA,NA,NA,NA,NA,NA,NA,NA,NA,NA,NA,NA,NA,NA,NA,NA,NA,NA,NA,NA,NA,NA,NA,NA,NA,NA,NA,NA,NA,NA,NA,NA,NA,NA,NA,NA,NA,NA,NA,NA,NA,NA,NA,NA,NA,NA,NA,NA,NA,NA,NA,NA,NA,NA,NA,NA,NA,NA,NA,NA,NA,NA,NA,NA,NA,NA,NA,NA,NA,NA,NA,NA,NA,NA,NA,NA,NA,NA,NA,NA,NA,NA,NA,NA,NA,NA,NA,no,NA,NA,NA,NA,NA,NA,no,NA,NA,NA,NA,NA,NA,NA,NA,NA,NA,NA,NA,yes,yes,yes,NA,1.0,1,yes,yes,yes,NA,1.0,1,yes,yes,yes,NA,1.0,1,yes,yes,yes,NA,1.5,1.5,NA,NA,NA,NA,NA,NA,NA,NA,NA,NA,NA,NA,NA,NA,NA,NA,NA,NA,NA,NA,NA,NA,NA,NA,NA,NA,NA,NA,NA,NA,NA,NA,NA,NA,NA,NA,NA,NA,NA,NA,NA,NA,NA,NA,NA,NA,NA,NA,NA,NA,NA,NA,NA,NA,NA,NA,vxVdqmGaBFivqequGLpMjg,10156537,cb3dffac-a81e-43cd-9b13-525aea302733,2017-06-20T17:42:06,33
2017-06-20T01:31:50.243+02,2017-06-20T01:34:12.535+02,2017-06-20,LBY02,LBY0202,LBY020205,نالوت,bakery,NA,NA,NA,NA,NA,NA,NA,NA,NA,NA,NA,NA,NA,NA,no,NA,NA,NA,NA,NA,NA,NA,NA,NA,NA,NA,NA,NA,NA,NA,NA,NA,NA,NA,NA,NA,NA,NA,NA,NA,NA,NA,NA,NA,NA,NA,NA,NA,NA,NA,NA,NA,NA,NA,NA,NA,NA,NA,NA,NA,NA,NA,NA,NA,NA,NA,NA,NA,NA,NA,NA,NA,NA,NA,NA,NA,NA,NA,NA,NA,NA,NA,NA,NA,NA,NA,NA,NA,NA,NA,NA,NA,NA,NA,NA,NA,NA,NA,NA,NA,NA,NA,NA,NA,NA,NA,NA,NA,NA,NA,NA,NA,NA,NA,NA,NA,NA,NA,NA,NA,NA,NA,NA,NA,NA,NA,yes,yes,yes,NA,1.0,1,NA,NA,NA,NA,NA,NA,NA,NA,NA,NA,NA,NA,NA,NA,NA,NA,NA,NA,NA,NA,NA,NA,NA,NA,NA,NA,NA,NA,NA,NA,NA,NA,NA,NA,NA,NA,NA,NA,NA,NA,NA,NA,NA,NA,NA,NA,NA,NA,NA,NA,NA,NA,NA,NA,NA,NA,NA,NA,NA,NA,NA,NA,NA,NA,NA,NA,NA,NA,NA,NA,NA,NA,NA,NA,NA,NA,NA,NA,NA,NA,vxVdqmGaBFivqequGLpMjg,10157958,ba81e0c6-5877-483c-aacd-f14eae8c4406,2017-06-20T19:30:13,34
2017-06-20T18:42:50.800+02,2017-06-20T18:46:56.390+02,2017-06-20,LBY02,LBY0202,LBY020205,نالوت,vegetable,NA,NA,NA,NA,NA,NA,NA,NA,NA,NA,NA,NA,NA,NA,NA,NA,NA,NA,NA,NA,NA,NA,NA,NA,NA,NA,NA,NA,NA,NA,NA,NA,NA,NA,NA,NA,NA,NA,NA,NA,NA,NA,NA,NA,NA,NA,NA,NA,NA,NA,NA,NA,NA,NA,NA,NA,NA,NA,NA,NA,NA,NA,NA,NA,NA,NA,NA,NA,NA,NA,NA,NA,NA,NA,NA,NA,NA,NA,NA,NA,NA,NA,NA,NA,NA,NA,NA,NA,NA,NA,NA,NA,NA,NA,NA,NA,NA,NA,NA,NA,NA,NA,NA,NA,NA,NA,NA,NA,NA,NA,NA,NA,NA,NA,NA,NA,NA,NA,NA,NA,NA,NA,NA,NA,NA,NA,NA,NA,NA,NA,NA,NA,yes,yes,yes,NA,1.0,1,yes,yes,yes,NA,1.5,1.5,yes,yes,yes,NA,1.5,1.5,yes,yes,yes,NA,2.5,2.5,NA,NA,NA,NA,NA,NA,NA,NA,NA,NA,NA,NA,NA,NA,NA,NA,NA,NA,NA,NA,NA,NA,NA,NA,NA,NA,NA,NA,NA,NA,NA,NA,NA,NA,NA,NA,NA,NA,NA,NA,NA,NA,NA,NA,NA,NA,NA,NA,NA,NA,NA,NA,NA,NA,NA,NA,vxVdqmGaBFivqequGLpMjg,10158013,596bcfb4-9df8-43b1-a65a-066208d1b537,2017-06-20T19:35:31,35
2017-06-20T02:59:18.549+02,2017-06-20T03:02:09.063+02,2017-06-20,LBY02,LBY0202,LBY020205,نالوت,bakery,NA,NA,NA,NA,NA,NA,NA,NA,NA,NA,NA,NA,NA,NA,no,NA,NA,NA,NA,NA,NA,NA,NA,NA,NA,NA,NA,NA,NA,NA,NA,NA,NA,NA,NA,NA,NA,NA,NA,NA,NA,NA,NA,NA,NA,NA,NA,NA,NA,NA,NA,NA,NA,NA,NA,NA,NA,NA,NA,NA,NA,NA,NA,NA,NA,NA,NA,NA,NA,NA,NA,NA,NA,NA,NA,NA,NA,NA,NA,NA,NA,NA,NA,NA,NA,NA,NA,NA,NA,NA,NA,NA,NA,NA,NA,NA,NA,NA,NA,NA,NA,NA,NA,NA,NA,NA,NA,NA,NA,NA,NA,NA,NA,NA,NA,NA,NA,NA,NA,NA,NA,NA,NA,NA,NA,NA,yes,yes,yes,NA,1.0,1,NA,NA,NA,NA,NA,NA,NA,NA,NA,NA,NA,NA,NA,NA,NA,NA,NA,NA,NA,NA,NA,NA,NA,NA,NA,NA,NA,NA,NA,NA,NA,NA,NA,NA,NA,NA,NA,NA,NA,NA,NA,NA,NA,NA,NA,NA,NA,NA,NA,NA,NA,NA,NA,NA,NA,NA,NA,NA,NA,NA,NA,NA,NA,NA,NA,NA,NA,NA,NA,NA,NA,NA,NA,NA,NA,NA,NA,NA,NA,NA,vxVdqmGaBFivqequGLpMjg,10158005,081a94e4-f0b3-42cd-9433-52b7a9b17929,2017-06-20T19:35:19,36
2017-06-20T18:32:55.549+02,2017-06-20T18:35:19.581+02,2017-06-20,LBY02,LBY0202,LBY020205,نالوت,bakery,NA,NA,NA,NA,NA,NA,NA,NA,NA,NA,NA,NA,NA,NA,no,NA,NA,NA,NA,NA,NA,NA,NA,NA,NA,NA,NA,NA,NA,NA,NA,NA,NA,NA,NA,NA,NA,NA,NA,NA,NA,NA,NA,NA,NA,NA,NA,NA,NA,NA,NA,NA,NA,NA,NA,NA,NA,NA,NA,NA,NA,NA,NA,NA,NA,NA,NA,NA,NA,NA,NA,NA,NA,NA,NA,NA,NA,NA,NA,NA,NA,NA,NA,NA,NA,NA,NA,NA,NA,NA,NA,NA,NA,NA,NA,NA,NA,NA,NA,NA,NA,NA,NA,NA,NA,NA,NA,NA,NA,NA,NA,NA,NA,NA,NA,NA,NA,NA,NA,NA,NA,NA,NA,NA,NA,NA,yes,yes,yes,NA,1.0,1,NA,NA,NA,NA,NA,NA,NA,NA,NA,NA,NA,NA,NA,NA,NA,NA,NA,NA,NA,NA,NA,NA,NA,NA,NA,NA,NA,NA,NA,NA,NA,NA,NA,NA,NA,NA,NA,NA,NA,NA,NA,NA,NA,NA,NA,NA,NA,NA,NA,NA,NA,NA,NA,NA,NA,NA,NA,NA,NA,NA,NA,NA,NA,NA,NA,NA,NA,NA,NA,NA,NA,NA,NA,NA,NA,NA,NA,NA,NA,NA,vxVdqmGaBFivqequGLpMjg,10158008,08cc4cf1-4885-4a08-92fd-b6de809b21fe,2017-06-20T19:35:22,37
2017-06-20T18:49:54.098+02,2017-06-20T18:54:54.449+02,2017-06-20,LBY02,LBY0202,LBY020205,نالوت,vegetable,NA,NA,NA,NA,NA,NA,NA,NA,NA,NA,NA,NA,NA,NA,NA,NA,NA,NA,NA,NA,NA,NA,NA,NA,NA,NA,NA,NA,NA,NA,NA,NA,NA,NA,NA,NA,NA,NA,NA,NA,NA,NA,NA,NA,NA,NA,NA,NA,NA,NA,NA,NA,NA,NA,NA,NA,NA,NA,NA,NA,NA,NA,NA,NA,NA,NA,NA,NA,NA,NA,NA,NA,NA,NA,NA,NA,NA,NA,NA,NA,NA,NA,NA,NA,NA,NA,NA,NA,NA,NA,NA,NA,NA,NA,NA,NA,NA,NA,NA,NA,NA,NA,NA,NA,NA,NA,NA,NA,NA,NA,NA,NA,NA,NA,NA,NA,NA,NA,NA,NA,NA,NA,NA,NA,NA,NA,NA,NA,NA,NA,NA,NA,yes,yes,yes,NA,1.5,1.5,yes,yes,yes,NA,1.5,1.5,yes,yes,yes,NA,2.0,2,yes,yes,yes,NA,2.5,2.5,NA,NA,NA,NA,NA,NA,NA,NA,NA,NA,NA,NA,NA,NA,NA,NA,NA,NA,NA,NA,NA,NA,NA,NA,NA,NA,NA,NA,NA,NA,NA,NA,NA,NA,NA,NA,NA,NA,NA,NA,NA,NA,NA,NA,NA,NA,NA,NA,NA,NA,NA,NA,NA,NA,NA,NA,vxVdqmGaBFivqequGLpMjg,10158024,ba93385d-3946-4a33-b567-e600a21126a6,2017-06-20T19:35:52,38
2017-06-20T19:10:01.275+02,2017-06-20T19:13:01.088+02,2017-06-20,LBY02,LBY0202,LBY020205,نالوت,butcher,NA,NA,NA,NA,NA,NA,NA,NA,NA,NA,NA,NA,NA,NA,NA,NA,NA,NA,NA,NA,NA,NA,NA,NA,NA,NA,NA,NA,NA,NA,NA,NA,NA,NA,NA,NA,NA,NA,NA,NA,NA,NA,NA,NA,NA,NA,NA,NA,NA,NA,NA,NA,NA,NA,NA,NA,NA,NA,NA,NA,NA,NA,NA,NA,NA,NA,NA,NA,NA,NA,NA,NA,NA,NA,NA,NA,NA,NA,NA,NA,NA,NA,NA,NA,NA,NA,NA,NA,NA,NA,NA,NA,NA,NA,NA,NA,NA,NA,NA,NA,NA,NA,NA,NA,NA,NA,NA,NA,NA,NA,NA,NA,no,NA,NA,NA,NA,NA,NA,yes,yes,yes,NA,19.0,19,لا شيء,NA,NA,NA,NA,NA,NA,NA,NA,NA,NA,NA,NA,NA,NA,NA,NA,NA,NA,NA,NA,NA,NA,NA,NA,NA,NA,NA,NA,NA,NA,NA,NA,NA,NA,NA,NA,NA,NA,NA,NA,NA,NA,NA,NA,NA,NA,NA,NA,NA,NA,NA,NA,NA,NA,NA,NA,NA,NA,NA,NA,NA,NA,NA,NA,NA,NA,NA,NA,NA,NA,NA,NA,NA,NA,NA,NA,NA,NA,NA,NA,NA,NA,NA,NA,NA,NA,vxVdqmGaBFivqequGLpMjg,10158055,b959b58c-742b-4ea5-b961-592a7c8b3578,2017-06-20T19:37:55,39
2017-06-20T01:18:09.580+02,2017-06-20T01:25:14.836+02,2017-06-20,LBY02,LBY0202,LBY020205,نالوت,vegetable,NA,NA,NA,NA,NA,NA,NA,NA,NA,NA,NA,NA,NA,NA,NA,NA,NA,NA,NA,NA,NA,NA,NA,NA,NA,NA,NA,NA,NA,NA,NA,NA,NA,NA,NA,NA,NA,NA,NA,NA,NA,NA,NA,NA,NA,NA,NA,NA,NA,NA,NA,NA,NA,NA,NA,NA,NA,NA,NA,NA,NA,NA,NA,NA,NA,NA,NA,NA,NA,NA,NA,NA,NA,NA,NA,NA,NA,NA,NA,NA,NA,NA,NA,NA,NA,NA,NA,NA,NA,NA,NA,NA,NA,NA,NA,NA,NA,NA,NA,NA,NA,NA,NA,NA,NA,NA,NA,NA,NA,NA,NA,NA,NA,NA,NA,NA,NA,NA,NA,NA,NA,NA,NA,NA,NA,NA,NA,NA,NA,NA,NA,NA,yes,yes,yes,NA,1.5,1.5,yes,yes,yes,NA,1.5,1.5,no,NA,NA,NA,NA,NA,yes,yes,yes,NA,2.5,2.5,NA,NA,NA,NA,NA,NA,NA,NA,NA,NA,NA,NA,NA,NA,NA,NA,NA,NA,NA,NA,NA,NA,NA,NA,NA,NA,NA,NA,NA,NA,NA,NA,NA,NA,NA,NA,NA,NA,NA,NA,NA,NA,NA,NA,NA,NA,NA,NA,NA,NA,NA,NA,NA,NA,NA,NA,vxVdqmGaBFivqequGLpMjg,10158688,34f92784-5d30-4be3-8a5c-a39e93003021,2017-06-20T20:22:18,40
2017-06-20T01:37:33.872+02,2017-06-20T02:06:30.747+02,2017-06-20,LBY02,LBY0202,LBY020205,نالوت,general_store,yes,yes,yes,NA,1.0,1,LE FLAMANT,yes,yes,yes,NA,3.5,3.5,العافية,yes,yes,yes,NA,1.25,1.3,ALZAD,yes,yes,yes,NA,3.5,3.5,الاميرة,yes,yes,yes,NA,1.5,1.5,الامتياز,yes,yes,yes,NA,3.5,3.5,الاميرة,yes,yes,no,0.4,1.25,3.1,الصفوة,yes,yes,yes,NA,2.25,2.3,Lord food,yes,yes,no,170.0,1.25,1.5,المراعي,yes,yes,yes,NA,4.0,4,Covap,no,NA,NA,NA,NA,NA,NA,yes,yes,yes,NA,4.75,4.8,الجمل,yes,yes,no,125.0,3.5,7,الشارقة,yes,yes,yes,NA,4.5,4.5,الصفوة,yes,yes,no,140.0,3.0,4.3,دوارف,yes,yes,yes,NA,7.5,7.5,لاشيء,no,NA,NA,NA,NA,NA,NA,no,NA,NA,NA,NA,NA,NA,no,NA,NA,NA,NA,NA,no,NA,NA,NA,NA,NA,no,NA,NA,NA,NA,NA,no,NA,NA,NA,NA,NA,no,NA,NA,NA,NA,NA,no,NA,NA,NA,NA,NA,NA,no,NA,NA,NA,NA,NA,NA,yes,yes,no,380.0,6.5,4.3,Souplesse,yes,yes,no,0.5,4.0,8,Nexil,yes,yes,no,50.0,3.5,7,Crest,yes,yes,yes,NA,1.25,1.3,Good morning,no,NA,NA,NA,NA,NA,NA,yes,yes,no,35,20.0,17.1,Lilas Bebe,vxVdqmGaBFivqequGLpMjg,10158696,7a6925ec-e3fc-4052-9310-d09500a036dc,2017-06-20T20:22:36,41
2017-06-20T02:22:22.949+02,2017-06-20T02:29:00.857+02,2017-06-20,LBY02,LBY0202,LBY020205,نالوت,butcher,NA,NA,NA,NA,NA,NA,NA,NA,NA,NA,NA,NA,NA,NA,NA,NA,NA,NA,NA,NA,NA,NA,NA,NA,NA,NA,NA,NA,NA,NA,NA,NA,NA,NA,NA,NA,NA,NA,NA,NA,NA,NA,NA,NA,NA,NA,NA,NA,NA,NA,NA,NA,NA,NA,NA,NA,NA,NA,NA,NA,NA,NA,NA,NA,NA,NA,NA,NA,NA,NA,NA,NA,NA,NA,NA,NA,NA,NA,NA,NA,NA,NA,NA,NA,NA,NA,NA,NA,NA,NA,NA,NA,NA,NA,NA,NA,NA,NA,NA,NA,NA,NA,NA,NA,NA,NA,NA,NA,NA,NA,NA,NA,yes,yes,yes,NA,9.0,9,لا شيء,yes,yes,yes,NA,28.0,28,لاشيء,NA,NA,NA,NA,NA,NA,NA,NA,NA,NA,NA,NA,NA,NA,NA,NA,NA,NA,NA,NA,NA,NA,NA,NA,NA,NA,NA,NA,NA,NA,NA,NA,NA,NA,NA,NA,NA,NA,NA,NA,NA,NA,NA,NA,NA,NA,NA,NA,NA,NA,NA,NA,NA,NA,NA,NA,NA,NA,NA,NA,NA,NA,NA,NA,NA,NA,NA,NA,NA,NA,NA,NA,NA,NA,NA,NA,NA,NA,NA,NA,NA,NA,NA,NA,NA,NA,vxVdqmGaBFivqequGLpMjg,10158702,da981589-5998-4760-b56e-b29868609ef9,2017-06-20T20:22:55,42
2017-06-20T19:00:53.127+02,2017-06-20T19:06:00.898+02,2017-06-20,LBY02,LBY0202,LBY020205,نالوت,butcher,NA,NA,NA,NA,NA,NA,NA,NA,NA,NA,NA,NA,NA,NA,NA,NA,NA,NA,NA,NA,NA,NA,NA,NA,NA,NA,NA,NA,NA,NA,NA,NA,NA,NA,NA,NA,NA,NA,NA,NA,NA,NA,NA,NA,NA,NA,NA,NA,NA,NA,NA,NA,NA,NA,NA,NA,NA,NA,NA,NA,NA,NA,NA,NA,NA,NA,NA,NA,NA,NA,NA,NA,NA,NA,NA,NA,NA,NA,NA,NA,NA,NA,NA,NA,NA,NA,NA,NA,NA,NA,NA,NA,NA,NA,NA,NA,NA,NA,NA,NA,NA,NA,NA,NA,NA,NA,NA,NA,NA,NA,NA,NA,yes,no,NA,NA,NA,NA,NA,yes,yes,yes,NA,19.0,19,NA,NA,NA,NA,NA,NA,NA,NA,NA,NA,NA,NA,NA,NA,NA,NA,NA,NA,NA,NA,NA,NA,NA,NA,NA,NA,NA,NA,NA,NA,NA,NA,NA,NA,NA,NA,NA,NA,NA,NA,NA,NA,NA,NA,NA,NA,NA,NA,NA,NA,NA,NA,NA,NA,NA,NA,NA,NA,NA,NA,NA,NA,NA,NA,NA,NA,NA,NA,NA,NA,NA,NA,NA,NA,NA,NA,NA,NA,NA,NA,NA,NA,NA,NA,NA,NA,NA,vxVdqmGaBFivqequGLpMjg,10158704,b1589146-2df4-4499-9600-1ea5bcdfbec2,2017-06-20T20:22:59,43
2017-06-20T19:13:57.533+02,2017-06-20T19:41:16.541+02,2017-06-20,LBY02,LBY0202,LBY020205,نالوت,general_store,yes,yes,yes,NA,1.0,1,كوتوزال,yes,yes,yes,NA,3.0,3,الاسرة,yes,yes,yes,NA,1.0,1,الربيع,yes,yes,yes,NA,3.0,3,الاسرة,yes,yes,yes,NA,1.25,1.3,المائدة,yes,yes,yes,NA,4.0,4,الاميرة,yes,yes,no,0.4,1.0,2.5,Nour,yes,yes,yes,NA,2.25,2.3,Nour,yes,yes,no,170.0,2.0,2.4,المراعي,yes,yes,yes,NA,5.5,5.5,المراعي,yes,yes,no,0.4,12.5,31.3,ايتاميل,yes,yes,yes,NA,4.5,4.5,العطور,yes,yes,yes,NA,7.0,7,الشارقة,yes,yes,yes,NA,3.0,3,الصفوة,yes,yes,no,140.0,3.0,4.3,افريكا,yes,yes,yes,NA,7.5,7.5,لاشيء,no,NA,NA,NA,NA,NA,NA,no,NA,NA,NA,NA,NA,NA,no,NA,NA,NA,NA,NA,no,NA,NA,NA,NA,NA,no,NA,NA,NA,NA,NA,no,NA,NA,NA,NA,NA,no,NA,NA,NA,NA,NA,yes,yes,yes,NA,0.5,0.5,Mila,yes,yes,no,0.12,0.75,6.3,واش,yes,yes,no,400.0,6.0,3.8,Clear,yes,yes,no,0.7,3.25,4.6,Fairy,yes,yes,no,50.0,2.25,4.5,Angola,yes,yes,yes,NA,1.75,1.8,Caola,no,NA,NA,NA,NA,NA,NA,yes,yes,no,35,20.0,17.1,Lilas Bebe,vxVdqmGaBFivqequGLpMjg,10158705,49266aa8-7678-4f89-8719-42309c11ce88,2017-06-20T20:23:01,44
2017-06-19T23:24:52.039+02:00,2017-06-20T23:38:13.000+01:00,2017-06-19,LBY02,LBY0202,LBY020205,نالوت,general_store,yes,yes,yes,NA,1.0,1,LE FLAMANT,yes,yes,yes,NA,3.0,3,سكر العافية,yes,yes,yes,NA,1.25,1.3,Fine Flour,yes,yes,yes,NA,3.5,3.5,ارز الحبة القصيرة,yes,yes,yes,NA,1.5,1.5,سبيقة,yes,yes,yes,NA,3.5,3.5,المائدة,yes,yes,no,0.4,1.25,3.1,البستان,yes,yes,yes,NA,2.5,2.5,Anna,yes,yes,yes,NA,1.75,1.8,المراعي,yes,yes,yes,NA,4.0,4,Covap,yes,yes,no,0.4,18.5,46.3,بيبيلاك,yes,yes,yes,NA,8.75,8.8,شاي الصيني الاخضر-الشنمى,yes,yes,yes,NA,6.75,6.8,الشارقة,yes,yes,yes,NA,2.5,2.5,ZER,yes,yes,no,125,3.25,5.2,رويال,yes,yes,yes,NA,6.75,6.8,لا شيء,no,NA,NA,NA,NA,NA,NA,no,NA,NA,NA,NA,NA,NA,no,NA,NA,NA,NA,NA,no,NA,NA,NA,NA,NA,no,NA,NA,NA,NA,NA,no,NA,NA,NA,NA,NA,no,NA,NA,NA,NA,NA,yes,yes,yes,NA,1.5,1.5,Lux,yes,yes,no,0.2,1.75,8.8,نظيف,yes,yes,no,380.0,7.0,4.6,Souplesse,yes,yes,no,0.7,7.0,10,النجمة الذهبية,yes,yes,no,50.0,3.0,6,Signal,yes,yes,yes,NA,2.0,2,Caola,no,NA,NA,NA,NA,NA,NA,yes,yes,no,35,20.0,17.1,Lilas,vxVdqmGaBFivqequGLpMjg,10158717,43ab359c-ef20-42cf-ab0b-fff654ac579f,2017-06-20T20:23:47,45
2017-06-20T00:31:19.910+02,2017-06-20T01:01:31.398+02,2017-06-20,LBY02,LBY0202,LBY020205,نالوت,general_store,yes,yes,yes,NA,1.0,1,LE FLAMANT,yes,yes,yes,NA,3.0,3,العافية,yes,yes,yes,NA,1.0,1,Fine flour,yes,yes,yes,NA,3.5,3.5,الضحى,yes,yes,yes,NA,1.5,1.5,سبيقة,yes,yes,yes,NA,3.5,3.5,دياري,yes,yes,no,0.4,1.25,3.1,نابولي,yes,yes,yes,NA,2.5,2.5,Lord food,yes,yes,no,170.0,2.0,2.4,المراعي,yes,yes,yes,NA,5.5,5.5,المراعي,no,NA,NA,NA,NA,NA,NA,yes,yes,yes,NA,5.0,5,الشنمي,yes,yes,no,210.0,6.5,7.7,Amazon,yes,yes,yes,NA,4.0,4,المنارة,yes,yes,no,120.0,3.25,5.4,رويال,yes,yes,yes,NA,8.0,8,لاشيء,no,NA,NA,NA,NA,NA,NA,no,NA,NA,NA,NA,NA,NA,yes,yes,no,4,1.0,1.3,no,NA,NA,NA,NA,NA,no,NA,NA,NA,NA,NA,no,NA,NA,NA,NA,NA,no,NA,NA,NA,NA,NA,yes,yes,yes,NA,1.0,1,elsil,yes,yes,no,0.12,1.0,8.3,الرائد,yes,yes,no,400.0,5.5,3.4,Dex,yes,yes,no,0.7,2.0,2.9,النجمة الذهبية,yes,yes,no,50.0,2.5,5,Signal,yes,yes,yes,NA,1.5,1.5,Sensodyne,no,NA,NA,NA,NA,NA,NA,yes,yes,no,25,20.0,24,Lilas Bebe,vxVdqmGaBFivqequGLpMjg,10158719,94be6211-8c4c-4ea3-9a21-86b199b88973,2017-06-20T20:24:12,46
NA,2017-06-21T12:14:30.492+01,2017-06-20,LBY03,LBY0306,LBY030601,Sokra,general_store,yes,yes,yes,NA,1.0,1,Abokimmash,yes,yes,yes,NA,3.0,3,Soft Brazilian sugar,yes,yes,yes,NA,1.25,1.3,Wadi El Rabie,yes,yes,yes,NA,4.0,4,Zad Elkhair,yes,yes,no,400.0,1.75,2.2,"Spiga,Tunisia",yes,yes,yes,NA,4.0,4,Deyari,yes,yes,no,0.25,1.5,6,"Biti,Italian",yes,yes,yes,NA,2.0,2,Taiebat,yes,yes,no,400.0,2.75,1.4,Abo kous,yes,yes,yes,NA,3.0,3,Joody,yes,yes,no,0.4,16.0,40,Baby lack,yes,yes,yes,NA,4.5,4.5,Aljawhrah,yes,yes,yes,NA,7.0,7,El Zahrat,yes,yes,yes,NA,3,3,Bakeer,yes,yes,no,170.0,4.5,5.3,Sun,yes,yes,yes,NA,8.0,8,No Brand,yes,yes,no,1.7,14.5,8.5,No Brand,no,NA,NA,NA,NA,NA,NA,yes,yes,no,1,NA,NA,yes,yes,yes,NA,1.5,1.5,yes,yes,yes,NA,3.0,3,yes,yes,yes,NA,3.0,3,yes,yes,yes,NA,2.0,2,yes,yes,yes,NA,6.0,6,Fax,yes,yes,yes,NA,13.5,13.5,No Brand,yes,yes,yes,NA,3.5,3.5,Sunsilk,yes,yes,no,2.5,3.0,1.2,Brill,yes,yes,yes,NA,6.5,6.5,Signal,yes,yes,yes,NA,3.5,3.5,OralB,yes,yes,yes,NA,4.0,4,No Brand,yes,yes,yes,NA,24.0,24,Bodous,vxVdqmGaBFivqequGLpMjg,10174281,7f437101-6587-4233-b501-df62b1580a5f,2017-06-21T11:15:22,47
2017-06-20T23:22:31.297+01,2017-06-21T02:36:45.036+01,2017-06-20,LBY03,LBY0305,LBY030501,Brak,general_store,yes,yes,yes,NA,1.0,1,Abo Kimmash,yes,yes,yes,NA,3.5,3.5,Brazili,yes,yes,yes,NA,1.5,1.5,Mazraa,yes,yes,yes,NA,4.0,4,Amirah,yes,yes,no,400.0,2.0,2.5,Spiga,yes,yes,yes,NA,5.5,5.5,Diari,yes,yes,no,0.4,1.5,3.8,Biti,yes,yes,yes,NA,3.0,3,Taiyebat,yes,yes,yes,NA,2.5,2.5,Abo Kous,yes,yes,yes,NA,5.0,5,Joody,yes,yes,no,0.4,25.0,62.5,Baby lack,yes,yes,yes,NA,7.0,7,Aljowhra,yes,yes,yes,NA,9.0,9,Zahra,yes,yes,yes,NA,3.5,3.5,Bekr,yes,yes,yes,NA,5.0,5,Sun,yes,yes,yes,NA,10.0,10,No Brand,no,NA,NA,NA,NA,NA,NA,no,NA,NA,NA,NA,NA,NA,no,NA,NA,NA,NA,NA,no,NA,NA,NA,NA,NA,no,NA,NA,NA,NA,NA,no,NA,NA,NA,NA,NA,no,NA,NA,NA,NA,NA,yes,yes,yes,NA,2.0,2,Lox,yes,yes,no,2.5,25.0,10,Dixan,yes,yes,yes,NA,10.0,10,Pantin,yes,yes,yes,NA,4.5,4.5,Brill,yes,yes,yes,NA,7.0,7,Signal,yes,yes,yes,NA,4.0,4,Signal,yes,yes,yes,NA,7.0,7,No Brand,yes,yes,yes,NA,23.0,23,Bodous,vxVdqmGaBFivqequGLpMjg,10174510,e858b64c-3622-43ca-9387-cf3b35fa1436,2017-06-21T11:18:26,48
2017-06-20T23:29:59.578+01,2017-06-21T03:14:48.967+01,2017-06-20,LBY03,LBY0305,LBY030501,Afia Road,general_store,yes,yes,yes,NA,1.0,1,Abo Kimmash,yes,yes,yes,NA,3.0,3,Brazili,yes,yes,yes,NA,1.5,1.5,Wadi Rabie,yes,yes,yes,NA,3.5,3.5,Amira,yes,yes,no,400.0,1.5,1.9,Spiga,yes,yes,yes,NA,4.0,4,Diari,yes,yes,no,0.4,1.5,3.8,Biti,yes,yes,yes,NA,2.5,2.5,Tayibat,yes,yes,yes,NA,2.5,2.5,Zahrat,yes,yes,yes,NA,4.5,4.5,Joody,yes,yes,no,0.4,21.0,52.5,Baby lack,yes,yes,yes,NA,6.5,6.5,Aljawohra,yes,yes,yes,NA,7.5,7.5,Cilan,yes,yes,yes,NA,3.5,3.5,Bekir,yes,yes,no,160.0,4.0,5,Sun,yes,yes,yes,NA,8.0,8,No brand,no,NA,NA,NA,NA,NA,NA,no,NA,NA,NA,NA,NA,NA,no,NA,NA,NA,NA,NA,no,NA,NA,NA,NA,NA,no,NA,NA,NA,NA,NA,no,NA,NA,NA,NA,NA,no,NA,NA,NA,NA,NA,yes,yes,yes,NA,1.0,1,No brand,yes,yes,yes,NA,6.0,6,Wash,yes,yes,yes,NA,9.0,9,Pantin,yes,yes,yes,NA,3.5,3.5,Brill,yes,yes,yes,NA,6.5,6.5,Signals,yes,yes,yes,NA,3.0,3,Signals,yes,yes,yes,NA,6.5,6.5,No brand,yes,yes,yes,NA,21.0,21,Bodous,vxVdqmGaBFivqequGLpMjg,10174514,b3e7c9cc-9d99-46f9-89dd-290f739f5c43,2017-06-21T11:18:27,49
2017-06-20T23:33:38.509+01,2017-06-21T03:32:07.707+01,2017-06-20,LBY03,LBY0305,LBY030501,Aljazeera,general_store,yes,yes,yes,NA,1.0,1,Abo Kimmash,yes,yes,yes,NA,3.0,3,NA,yes,yes,yes,NA,1.5,1.5,Wadi Rabie,yes,yes,yes,NA,3.5,3.5,Amirah,yes,yes,no,400.0,1.75,2.2,Spiga,yes,yes,yes,NA,4.0,4,Diary,yes,yes,no,0.4,1.5,3.8,Biti,yes,yes,yes,NA,2.5,2.5,Taiyebat,yes,yes,yes,NA,2.5,2.5,Zahrat,yes,yes,yes,NA,9.0,9,Joody,yes,yes,no,0.4,16.0,40,Baby lack,yes,yes,yes,NA,6.5,6.5,Aljawhra,yes,yes,yes,NA,9.0,9,Cilan,yes,yes,yes,NA,3.5,3.5,Bekir,yes,yes,no,170.0,4.5,5.3,Sun,yes,yes,yes,NA,7.0,7,No brand,yes,yes,no,1.5,14.5,9.7,No Brand,no,NA,NA,NA,NA,NA,NA,yes,yes,yes,NA,1.0,1,no,NA,NA,NA,NA,NA,no,NA,NA,NA,NA,NA,no,NA,NA,NA,NA,NA,no,NA,NA,NA,NA,NA,yes,yes,yes,NA,1.0,1,No Brand,yes,yes,yes,NA,20.0,20,Dixan,yes,yes,yes,NA,9.0,9,Pantin,yes,yes,yes,NA,3.5,3.5,Brill,yes,yes,yes,NA,6.5,6.5,Signals,yes,yes,yes,NA,2.5,2.5,OralB,yes,yes,yes,NA,6.0,6,No Brand,yes,yes,yes,NA,22.0,22,Bodous,vxVdqmGaBFivqequGLpMjg,10174517,c9fa5b9c-a178-4b28-b9ca-22acdee21538,2017-06-21T11:18:29,50
2017-06-20T23:42:26.282+01,2017-06-21T03:50:07.838+01,2017-06-20,LBY03,LBY0305,LBY030501,Al Turkiat Gadima,general_store,yes,yes,yes,NA,1.0,1,Abo Kimmash,yes,yes,yes,NA,3.0,3,Brazili,yes,yes,yes,NA,1.5,1.5,Wadi Rabie,yes,yes,yes,NA,6.0,6,Abo Bint,yes,yes,no,400.0,1.75,2.2,Spiga,yes,yes,yes,NA,4.0,4,Taiebat,yes,yes,no,0.4,1.5,3.8,Biti,yes,yes,yes,NA,2.0,2,Taiebat,yes,yes,yes,NA,3.0,3,Zahrat,yes,yes,yes,NA,9.0,9,Joody,yes,yes,no,0.4,9.0,22.5,NA,yes,yes,yes,NA,6.0,6,Aljawohra,yes,yes,yes,NA,10.0,10,Cielan,yes,yes,yes,NA,3.5,3.5,Bekir,yes,yes,yes,NA,5.0,5,Americana,yes,yes,yes,NA,7.5,7.5,No Brand,yes,yes,no,1.6,14.5,9.1,No Brand,no,NA,NA,NA,NA,NA,NA,yes,yes,yes,NA,NA,NA,no,NA,NA,NA,NA,NA,no,NA,NA,NA,NA,NA,no,NA,NA,NA,NA,NA,no,NA,NA,NA,NA,NA,yes,yes,yes,NA,1.0,1,No Brand,yes,yes,yes,NA,3.0,3,Wash,yes,yes,yes,NA,9.0,9,Pantin,yes,yes,yes,NA,3.5,3.5,Brill,yes,yes,yes,NA,7.0,7,Signals,yes,yes,yes,NA,2.0,2,OralB,yes,yes,yes,NA,5.0,5,No Brand,yes,yes,yes,NA,22.0,22,Bodous,vxVdqmGaBFivqequGLpMjg,10174523,32601e95-c70d-4e2e-a7a8-f019e89876b1,2017-06-21T11:18:31,51
2017-06-20T23:50:43.783+01,2017-06-21T03:51:39.399+01,2017-06-20,LBY03,LBY0305,LBY030501,Alssoq,vegetable,NA,NA,NA,NA,NA,NA,NA,NA,NA,NA,NA,NA,NA,NA,NA,NA,NA,NA,NA,NA,NA,NA,NA,NA,NA,NA,NA,NA,NA,NA,NA,NA,NA,NA,NA,NA,NA,NA,NA,NA,NA,NA,NA,NA,NA,NA,NA,NA,NA,NA,NA,NA,NA,NA,NA,NA,NA,NA,NA,NA,NA,NA,NA,NA,NA,NA,NA,NA,NA,NA,NA,NA,NA,NA,NA,NA,NA,NA,NA,NA,NA,NA,NA,NA,NA,NA,NA,NA,NA,NA,NA,NA,NA,NA,NA,3.5,3.5,NA,NA,NA,NA,NA,NA,NA,NA,NA,NA,NA,NA,NA,NA,NA,NA,NA,NA,NA,NA,NA,NA,NA,NA,NA,NA,NA,NA,NA,NA,NA,NA,NA,NA,NA,yes,yes,yes,NA,3.0,3,yes,yes,yes,NA,2.0,2,yes,yes,yes,NA,4.0,4,yes,yes,yes,NA,3.0,3,NA,NA,NA,NA,NA,NA,NA,NA,NA,NA,NA,NA,NA,NA,NA,NA,NA,NA,NA,NA,NA,NA,NA,NA,NA,NA,NA,NA,NA,NA,NA,NA,NA,NA,NA,NA,NA,NA,NA,NA,NA,NA,NA,NA,NA,NA,NA,NA,NA,NA,NA,NA,NA,NA,NA,NA,vxVdqmGaBFivqequGLpMjg,10174528,90a40ed9-12f5-41de-b1ee-dea72ebae7bb,2017-06-21T11:18:33,52
2017-06-21T00:44:09.992+01,2017-06-21T04:04:14.595+01,2017-06-21,LBY03,LBY0305,LBY030501,AlZawia,general_store,yes,yes,yes,NA,1.0,1,Abo Kimmash,yes,yes,yes,NA,3.0,3,No Brand,yes,yes,yes,NA,1.5,1.5,Wadi Rabie,yes,yes,yes,NA,4.0,4,Amira,yes,yes,no,400.0,2.0,2.5,Spiga,yes,yes,yes,NA,4.0,4,Diary,yes,yes,no,0.4,1.5,3.8,Biti,yes,yes,yes,NA,2.5,2.5,Taiebat,yes,yes,yes,NA,2.5,2.5,Zahrat,yes,yes,yes,NA,9.0,9,Joody,yes,yes,no,0.4,16.0,40,Baby lack,yes,yes,yes,NA,6.0,6,Aljawohra,yes,yes,yes,NA,9.0,9,Cielan,yes,yes,yes,NA,3.5,3.5,Bekir,yes,yes,no,160.0,4.5,5.6,Sun,yes,yes,yes,NA,6.5,6.5,No Brand,no,NA,NA,NA,NA,NA,NA,no,NA,NA,NA,NA,NA,NA,yes,yes,yes,NA,NA,NA,no,NA,NA,NA,NA,NA,no,NA,NA,NA,NA,NA,no,NA,NA,NA,NA,NA,no,NA,NA,NA,NA,NA,yes,yes,yes,NA,1.0,1,No Brand,yes,yes,yes,NA,2.5,2.5,Wash,yes,yes,yes,NA,10.0,10,Sunsilk,yes,yes,yes,NA,3.5,3.5,Brill,yes,yes,yes,NA,6.5,6.5,Signals,yes,yes,yes,NA,2.5,2.5,OralB,yes,yes,yes,NA,7.0,7,No Brand,yes,yes,yes,NA,21.0,21,Bodous,vxVdqmGaBFivqequGLpMjg,10174531,0eedcd37-2302-4eff-ae67-672d496c2757,2017-06-21T11:18:34,53
2017-06-21T04:46:57.335+01,2017-06-21T11:07:35.168+01,2017-06-21,LBY03,LBY0306,LBY030601,Qurda,general_store,yes,yes,yes,NA,1.0,1,Abo Kimmash,yes,yes,yes,NA,3.0,3,Brazili,yes,yes,yes,NA,1.25,1.3,Was Rabie,yes,yes,yes,NA,3.0,3,Amira,yes,yes,no,400.0,1.5,1.9,Spiga,yes,yes,yes,NA,4.0,4,Diary,yes,yes,no,0.4,1.5,3.8,Italian,yes,yes,yes,NA,2.5,2.5,Taiebat,yes,yes,yes,NA,3.75,3.8,Zahrat,yes,yes,yes,NA,8.0,8,Joody,yes,yes,no,0.4,17.5,43.8,Babylack,yes,yes,yes,NA,3.5,3.5,Jawhra,yes,yes,yes,NA,10.0,10,Cielan,yes,yes,yes,NA,3,3,NA,yes,yes,yes,NA,3.75,3.8,Americana,yes,yes,yes,NA,6.5,6.5,No Brand,no,NA,NA,NA,NA,NA,NA,no,NA,NA,NA,NA,NA,NA,no,NA,NA,NA,NA,NA,no,NA,NA,NA,NA,NA,no,NA,NA,NA,NA,NA,no,NA,NA,NA,NA,NA,no,NA,NA,NA,NA,NA,yes,yes,yes,NA,1.0,1,Normal,yes,yes,yes,NA,6.0,6,Normal,yes,yes,yes,NA,6.0,6,Sunsilk,yes,yes,yes,NA,3.0,3,Normal,yes,yes,yes,NA,4.0,4,Signals,yes,yes,yes,NA,2.5,2.5,OralB,yes,yes,yes,NA,6.0,6,NA,yes,yes,yes,NA,21.0,21,Bodous,vxVdqmGaBFivqequGLpMjg,10174535,588a805a-f6a1-4dab-8c85-2a4ee949874a,2017-06-21T11:18:36,54
2017-06-21T04:48:25.887+01,2017-06-21T11:27:36.409+01,2017-06-21,LBY03,LBY0306,LBY030601,Aljadeed,general_store,yes,yes,yes,NA,0.75,0.8,Abo Kimmash,yes,yes,yes,NA,3.0,3,Normal,yes,yes,yes,NA,1.5,1.5,Wadi Rabie,yes,yes,yes,NA,3.0,3,Zad Elkhair,yes,yes,no,400.0,1.75,2.2,Spiga,yes,yes,yes,NA,4.0,4,Diary,yes,yes,no,0.4,1.25,3.1,Tunisia,yes,yes,yes,NA,2.5,2.5,Taiebat,yes,yes,yes,NA,2.25,2.3,Zahrat,yes,yes,yes,NA,8.5,8.5,Joody,yes,yes,yes,NA,19.5,19.5,Babylack,yes,yes,yes,NA,6.5,6.5,Aljawhra,yes,yes,yes,NA,9.0,9,Cielan,yes,yes,yes,NA,3,3,NA,yes,yes,no,170.0,3.75,4.4,Sun,yes,yes,yes,NA,6.5,6.5,No brand,no,NA,NA,NA,NA,NA,NA,no,NA,NA,NA,NA,NA,NA,yes,yes,yes,NA,NA,NA,yes,yes,yes,NA,2.0,2,yes,yes,yes,NA,2.0,2,yes,yes,yes,NA,4.0,4,yes,yes,yes,NA,3.0,3,yes,yes,yes,NA,1.0,1,Normal,yes,yes,no,2.5,19.5,7.8,Mojin,yes,yes,yes,NA,6.0,6,Pantin,yes,yes,yes,NA,3.0,3,Brill,yes,yes,yes,NA,6.0,6,Signals,yes,yes,yes,NA,1.0,1,Normal,yes,yes,yes,NA,3.5,3.5,No Brand,yes,yes,yes,NA,20.0,20,Bodous,vxVdqmGaBFivqequGLpMjg,10174610,e3ecf270-e117-4a37-a085-6ebe1e757f3e,2017-06-21T11:19:13,55
2017-06-21T04:48:46.462+01,2017-06-21T11:31:54.137+01,2017-06-21,LBY03,LBY0306,LBY030601,Aljadeed,central_market,NA,NA,NA,NA,NA,NA,NA,NA,NA,NA,NA,NA,NA,NA,NA,NA,NA,NA,NA,NA,NA,NA,NA,NA,NA,NA,NA,NA,NA,NA,NA,NA,NA,NA,NA,NA,NA,NA,NA,NA,NA,NA,NA,NA,NA,NA,NA,NA,NA,NA,NA,NA,NA,NA,NA,NA,NA,NA,NA,NA,NA,NA,NA,NA,NA,NA,NA,NA,NA,NA,NA,NA,NA,NA,NA,NA,NA,NA,NA,NA,NA,NA,NA,NA,NA,NA,NA,NA,NA,NA,NA,NA,NA,NA,NA,3,3,NA,NA,NA,NA,NA,NA,NA,NA,NA,NA,NA,NA,NA,NA,NA,yes,yes,yes,NA,7.5,7.5,No brand,yes,yes,yes,NA,24.0,24,Local,NA,NA,NA,NA,NA,NA,yes,yes,yes,NA,2.0,2,yes,yes,yes,NA,2.0,2,yes,yes,yes,NA,2.0,2,yes,yes,yes,NA,3.0,3,NA,NA,NA,NA,NA,NA,NA,NA,NA,NA,NA,NA,NA,NA,NA,NA,NA,NA,NA,NA,NA,NA,NA,NA,NA,NA,NA,NA,NA,NA,NA,NA,NA,NA,NA,NA,NA,NA,NA,NA,NA,NA,NA,NA,NA,NA,NA,NA,NA,NA,NA,NA,NA,NA,NA,NA,vxVdqmGaBFivqequGLpMjg,10174684,b7e85412-3724-4d17-8d18-36af90a18ddb,2017-06-21T11:19:56,56
2017-06-21T04:49:15.846+01,2017-06-21T11:35:29.352+01,2017-06-21,LBY03,LBY0306,LBY030601,Qurda,central_market,NA,NA,NA,NA,NA,NA,NA,NA,NA,NA,NA,NA,NA,NA,NA,NA,NA,NA,NA,NA,NA,NA,NA,NA,NA,NA,NA,NA,NA,NA,NA,NA,NA,NA,NA,NA,NA,NA,NA,NA,NA,NA,NA,NA,NA,NA,NA,NA,NA,NA,NA,NA,NA,NA,NA,NA,NA,NA,NA,NA,NA,NA,NA,NA,NA,NA,NA,NA,NA,NA,NA,NA,NA,NA,NA,NA,NA,NA,NA,NA,NA,NA,NA,NA,NA,NA,NA,NA,NA,NA,NA,NA,NA,NA,NA,3,3,NA,NA,NA,NA,NA,NA,NA,NA,NA,NA,NA,NA,NA,NA,NA,yes,yes,no,1.7,14.0,8.2,No Brand,yes,yes,yes,NA,23.0,23,Local,NA,NA,NA,NA,NA,NA,yes,yes,yes,NA,2.5,2.5,yes,yes,yes,NA,2.0,2,yes,yes,yes,NA,4.0,4,yes,yes,yes,NA,3.0,3,NA,NA,NA,NA,NA,NA,NA,NA,NA,NA,NA,NA,NA,NA,NA,NA,NA,NA,NA,NA,NA,NA,NA,NA,NA,NA,NA,NA,NA,NA,NA,NA,NA,NA,NA,NA,NA,NA,NA,NA,NA,NA,NA,NA,NA,NA,NA,NA,NA,NA,NA,NA,NA,NA,NA,NA,vxVdqmGaBFivqequGLpMjg,10174688,636b136b-fedb-4b3d-9fe4-72a014857e36,2017-06-21T11:19:59,57
2017-06-21T04:50:01.532+01,2017-06-21T11:37:17.187+01,2017-06-21,LBY03,LBY0306,LBY030601,Hay Abdulkafi,vegetable,NA,NA,NA,NA,NA,NA,NA,NA,NA,NA,NA,NA,NA,NA,NA,NA,NA,NA,NA,NA,NA,NA,NA,NA,NA,NA,NA,NA,NA,NA,NA,NA,NA,NA,NA,NA,NA,NA,NA,NA,NA,NA,NA,NA,NA,NA,NA,NA,NA,NA,NA,NA,NA,NA,NA,NA,NA,NA,NA,NA,NA,NA,NA,NA,NA,NA,NA,NA,NA,NA,NA,NA,NA,NA,NA,NA,NA,NA,NA,NA,NA,NA,NA,NA,NA,NA,NA,NA,NA,NA,NA,NA,NA,NA,NA,3,3,NA,NA,NA,NA,NA,NA,NA,NA,NA,NA,NA,NA,NA,NA,NA,NA,NA,NA,NA,NA,NA,NA,NA,NA,NA,NA,NA,NA,NA,NA,NA,NA,NA,NA,NA,yes,yes,yes,NA,2.5,2.5,yes,yes,yes,NA,2.0,2,yes,yes,yes,NA,4.0,4,yes,yes,yes,NA,3.0,3,NA,NA,NA,NA,NA,NA,NA,NA,NA,NA,NA,NA,NA,NA,NA,NA,NA,NA,NA,NA,NA,NA,NA,NA,NA,NA,NA,NA,NA,NA,NA,NA,NA,NA,NA,NA,NA,NA,NA,NA,NA,NA,NA,NA,NA,NA,NA,NA,NA,NA,NA,NA,NA,NA,NA,NA,vxVdqmGaBFivqequGLpMjg,10174690,2230fd85-401a-44e6-963e-fbc8cc4578e5,2017-06-21T11:20:01,58
2017-06-21T04:50:52.735+01,2017-06-21T11:39:51.316+01,2017-06-21,LBY03,LBY0306,LBY030601,Qurda,bakery,NA,NA,NA,NA,NA,NA,NA,NA,NA,NA,NA,NA,NA,NA,no,NA,NA,NA,NA,NA,NA,NA,NA,NA,NA,NA,NA,NA,NA,NA,NA,NA,NA,NA,NA,NA,NA,NA,NA,NA,NA,NA,NA,NA,NA,NA,NA,NA,NA,NA,NA,NA,NA,NA,NA,NA,NA,NA,NA,NA,NA,NA,NA,NA,NA,NA,NA,NA,NA,NA,NA,NA,NA,NA,NA,NA,NA,NA,NA,NA,NA,NA,NA,NA,NA,NA,NA,NA,NA,NA,NA,NA,NA,NA,NA,3,3,NA,NA,NA,NA,NA,NA,NA,NA,NA,NA,NA,NA,NA,NA,NA,NA,NA,NA,NA,NA,NA,NA,NA,NA,NA,NA,NA,NA,NA,yes,yes,no,3,1.0,1.7,NA,NA,NA,NA,NA,NA,NA,NA,NA,NA,NA,NA,NA,NA,NA,NA,NA,NA,NA,NA,NA,NA,NA,NA,NA,NA,NA,NA,NA,NA,NA,NA,NA,NA,NA,NA,NA,NA,NA,NA,NA,NA,NA,NA,NA,NA,NA,NA,NA,NA,NA,NA,NA,NA,NA,NA,NA,NA,NA,NA,NA,NA,NA,NA,NA,NA,NA,NA,NA,NA,NA,NA,NA,NA,NA,NA,NA,NA,NA,NA,vxVdqmGaBFivqequGLpMjg,10174693,51b18107-da3e-4991-9b03-cf59352b4e7f,2017-06-21T11:20:02,59
2017-06-21T04:51:26.515+01,2017-06-21T11:41:07.744+01,2017-06-21,LBY03,LBY0306,LBY030601,Aljadeed,bakery,NA,NA,NA,NA,NA,NA,NA,NA,NA,NA,NA,NA,NA,NA,no,NA,NA,NA,NA,NA,NA,NA,NA,NA,NA,NA,NA,NA,NA,NA,NA,NA,NA,NA,NA,NA,NA,NA,NA,NA,NA,NA,NA,NA,NA,NA,NA,NA,NA,NA,NA,NA,NA,NA,NA,NA,NA,NA,NA,NA,NA,NA,NA,NA,NA,NA,NA,NA,NA,NA,NA,NA,NA,NA,NA,NA,NA,NA,NA,NA,NA,NA,NA,NA,NA,NA,NA,NA,NA,NA,NA,NA,NA,NA,NA,3,3,NA,NA,NA,NA,NA,NA,NA,NA,NA,NA,NA,NA,NA,NA,NA,NA,NA,NA,NA,NA,NA,NA,NA,NA,NA,NA,NA,NA,NA,yes,yes,yes,NA,1.0,1,NA,NA,NA,NA,NA,NA,NA,NA,NA,NA,NA,NA,NA,NA,NA,NA,NA,NA,NA,NA,NA,NA,NA,NA,NA,NA,NA,NA,NA,NA,NA,NA,NA,NA,NA,NA,NA,NA,NA,NA,NA,NA,NA,NA,NA,NA,NA,NA,NA,NA,NA,NA,NA,NA,NA,NA,NA,NA,NA,NA,NA,NA,NA,NA,NA,NA,NA,NA,NA,NA,NA,NA,NA,NA,NA,NA,NA,NA,NA,NA,vxVdqmGaBFivqequGLpMjg,10174696,4a8f2ab9-cbfe-4717-8d86-7c3a37a225c5,2017-06-21T11:20:04,60
2017-06-21T10:40:59.641+01,2017-06-21T10:54:45.967+01,2017-06-21,LBY03,LBY0306,LBY030601,Khattatin Street,general_store,yes,yes,yes,NA,1.0,1,Abo Kimmash,yes,yes,yes,NA,3.0,3,No Brand,yes,yes,yes,NA,1.25,1.3,Wadi Rabie,yes,yes,yes,NA,3.5,3.5,Zad Elkhair,yes,yes,no,400.0,1.5,1.9,Spiga,yes,yes,yes,NA,4.0,4,Diari,yes,yes,no,0.4,1.0,2.5,Tibi,yes,yes,yes,NA,2.5,2.5,Taiebat,yes,yes,yes,NA,3.5,3.5,Zahrat,yes,yes,yes,NA,8.0,8,Joody,yes,yes,no,0.4,16.0,40,Babylack,yes,yes,yes,NA,6.0,6,Aljawhra,yes,yes,yes,NA,9.0,9,Cielan,yes,yes,yes,NA,3,3,No Brand,yes,yes,no,170.0,4.0,4.7,Sun,yes,yes,yes,NA,6.5,6.5,No Brand,no,NA,NA,NA,NA,NA,NA,no,NA,NA,NA,NA,NA,NA,no,NA,NA,NA,NA,NA,no,NA,NA,NA,NA,NA,no,NA,NA,NA,NA,NA,no,NA,NA,NA,NA,NA,no,NA,NA,NA,NA,NA,yes,yes,yes,NA,1.5,1.5,Normal,yes,yes,yes,NA,6.0,6,No Brand,yes,yes,yes,NA,6.0,6,Pantin,yes,yes,yes,NA,6.0,6,NA,yes,yes,yes,NA,6.0,6,Signals,yes,yes,yes,NA,2.5,2.5,No brand,yes,yes,yes,NA,3.0,3,NA,yes,yes,yes,NA,21.0,21,Bodous,vxVdqmGaBFivqequGLpMjg,10174744,4eb6fed9-9030-4ab4-8224-82f6d0116ef8,2017-06-21T11:20:45,61
2017-06-21T14:50:53.841+02,2017-06-21T15:27:40.048+02,2017-06-21,LBY02,LBY0201,LBY020103,حي السبع مئه,general_store,yes,yes,no,1.0,1.0,1,ملح الاسره,yes,yes,yes,NA,2.5,2.5,لا شئ,yes,yes,yes,NA,1.0,1,دقيق رفيع,yes,yes,yes,NA,2.5,2.5,الشمال,yes,yes,yes,NA,1.5,1.5,الاميرة,yes,yes,no,1.0,3.0,3,الاميرة,yes,yes,no,0.41,1.0,2.4390243902439024,جنان,yes,yes,yes,NA,2.5,2.5,الطيبات,yes,yes,yes,NA,2.25,2.3,اوميلا,yes,yes,yes,NA,4.5,4.5,جودي,yes,yes,no,0.4,18.5,46.3,بيبيلاك,yes,yes,yes,NA,5.5,5.5,الجوهره,yes,yes,yes,NA,7.0,7,شاي زهرة,yes,yes,yes,NA,2.5,2.5,الصفوه نباتي,yes,yes,yes,NA,3.25,3.3,باهي,yes,yes,yes,NA,6.5,6.5,لا شي,yes,yes,yes,NA,11.0,11,لاشئ,yes,yes,yes,NA,22.0,22,لاشئ,yes,yes,yes,NA,1.0,1,yes,yes,yes,NA,1.0,1,yes,yes,yes,NA,1.5,1.5,yes,yes,yes,NA,2.0,2,yes,yes,yes,NA,2.5,2.5,yes,yes,yes,NA,3.25,3.3,دوف,yes,yes,no,0.5,4.5,9,Tide,yes,yes,no,380.0,8.5,5.6,Sunsilk,yes,yes,yes,NA,3.0,3,الماسه,yes,yes,yes,NA,7.0,7,Colgate,yes,yes,yes,NA,1.0,1,Morning fresh,yes,yes,yes,NA,3.0,3,نانا,yes,yes,yes,NA,20.0,20,بودوس,vxVdqmGaBFivqequGLpMjg,10184124,1b486eb7-bf7c-47f6-9e7c-8198765032cf,2017-06-21T19:14:01,62
2017-06-21T15:34:17.507+02,2017-06-21T21:08:55.575+02,2017-06-21,LBY02,LBY0201,LBY020103,رقم 2,general_store,yes,yes,yes,NA,1.0,1,لاشئ,yes,yes,yes,NA,3.5,3.5,الاسره,yes,yes,yes,NA,1.5,1.5,الرفيع,yes,yes,yes,NA,3.0,3,زاد الخير,yes,yes,yes,NA,1.5,1.5,الاميره,yes,yes,yes,NA,3.5,3.5,دياري,yes,yes,yes,NA,1.5,1.5,البستان,yes,yes,yes,NA,2.5,2.5,لا شئ,yes,yes,yes,NA,2.5,2.5,اوميلا,yes,yes,yes,NA,4.75,4.8,جودي,yes,yes,yes,NA,19.0,19,بيبيلاك,yes,yes,yes,NA,5.5,5.5,الجوهره,yes,yes,yes,NA,7.25,7.3,الزهره,yes,yes,yes,NA,4.0,4,النجمه,yes,yes,NA,NA,4.0,4,سن,yes,yes,yes,NA,5.5,5.5,لا شي,yes,yes,no,1.7,14.5,8.5,تركي,yes,yes,yes,NA,24.0,24,وطني,yes,yes,yes,NA,1.0,1,no,NA,NA,NA,NA,NA,no,NA,NA,NA,NA,NA,no,NA,NA,NA,NA,NA,no,NA,NA,NA,NA,NA,yes,yes,NA,NA,3.0,3,دوف,yes,yes,yes,NA,4.75,4.8,تايد,yes,yes,yes,NA,6.5,6.5,دوڤ,yes,yes,yes,NA,1.25,1.3,بريل,yes,yes,yes,NA,4.0,4,طولجيت,yes,yes,yes,NA,2.5,2.5,فرش,yes,yes,yes,NA,2.75,2.8,نانا,yes,yes,yes,NA,19.0,19,پدوس,vxVdqmGaBFivqequGLpMjg,10184126,e0521848-2778-4e02-a9f9-a744fdec22fb,2017-06-21T19:14:29,63
2017-06-21T16:07:29.612+02,2017-06-21T20:52:10.786+02,2017-06-21,LBY02,LBY0201,LBY020103,رقم 3,general_store,yes,yes,yes,NA,1.0,1,لا شي,yes,yes,yes,NA,3.0,3,الراقي,yes,yes,yes,NA,1.2,1.2,الرفيع,yes,yes,yes,NA,3.0,3,الاسرة,yes,yes,yes,NA,1.5,1.5,الاميره,yes,yes,yes,NA,3.5,3.5,دياري,yes,yes,no,0.4,1.5,3.8,البستان,yes,yes,yes,NA,2.5,2.5,روزانا,yes,yes,yes,NA,2.5,2.5,اوميلا,no,NA,NA,NA,NA,NA,NA,yes,yes,no,0.4,19.0,47.5,بيبيلاك,yes,yes,yes,NA,5.5,5.5,الجوهرة,yes,yes,yes,NA,8.0,8,الزهرة,yes,yes,yes,NA,3.0,3,منارة,yes,yes,yes,NA,4.0,4,سن,yes,yes,yes,NA,6.5,6.5,لا شي,yes,yes,yes,NA,11.0,11,تركي,yes,yes,yes,NA,22.0,22,وطني,yes,yes,yes,NA,1.0,1,yes,yes,yes,NA,1.0,1,yes,yes,yes,NA,1.5,1.5,yes,yes,yes,NA,2.0,2,yes,yes,yes,NA,2.5,2.5,yes,yes,yes,NA,3.25,3.3,دوف,yes,yes,no,0.5,4.5,9,لا شي,yes,yes,yes,NA,7.0,7,شامبو,yes,yes,yes,NA,3.0,3,الماسه,yes,yes,yes,NA,7.0,7,كولجيت,yes,yes,yes,NA,1.0,1,فريش,yes,yes,yes,NA,3.0,3,نانا,yes,yes,yes,NA,20.0,20,بيدوس,vxVdqmGaBFivqequGLpMjg,10184127,e676f3b4-a0dc-4498-80cb-5e4301ba8f88,2017-06-21T19:14:48,64
2017-06-21T16:27:23.614+02,2017-06-21T16:55:14.148+02,2017-06-21,LBY02,LBY0201,LBY020103,الشعبيه,general_store,yes,yes,yes,NA,1.0,1,لا شئ,yes,yes,yes,NA,3.0,3,الراقي,yes,yes,yes,NA,1.25,1.3,دقيق رفيع,yes,yes,yes,NA,3.0,3,ارز طبيعي فاخر,yes,yes,yes,NA,1.5,1.5,الأميره,yes,yes,yes,NA,3.5,3.5,Diari,yes,yes,no,0.4,1.5,3.8,البستان,yes,yes,yes,NA,2.5,2.5,روزانا,yes,yes,yes,NA,2.5,2.5,اوميلا,yes,yes,yes,NA,5.0,5,جودي,yes,yes,no,0.4,19.0,47.5,بيبيلاك,yes,yes,yes,NA,5.5,5.5,الجوهره,yes,yes,yes,NA,8.0,8,شاي زهره,yes,yes,yes,NA,3.0,3,المنارة,yes,yes,yes,NA,4.0,4,سن بالهريسه,yes,yes,yes,NA,6.5,6.5,لا شئ,no,NA,NA,NA,NA,NA,NA,no,NA,NA,NA,NA,NA,NA,yes,yes,yes,NA,1.0,1,no,NA,NA,NA,NA,NA,no,NA,NA,NA,NA,NA,no,NA,NA,NA,NA,NA,no,NA,NA,NA,NA,NA,yes,yes,yes,NA,1.5,1.5,لوكس,yes,yes,yes,NA,10.0,10,تايد,yes,yes,yes,NA,6.0,6,Souplesse,yes,yes,yes,NA,4.0,4,Pril,yes,yes,yes,NA,8.5,8.5,كرست,yes,yes,yes,NA,1.5,1.5,Morning fresh,yes,yes,yes,NA,2.25,2.3,Gizlady,yes,yes,yes,NA,20.0,20,بودوس,vxVdqmGaBFivqequGLpMjg,10184129,c371873b-4abc-47f6-9006-9bc2747cc7e7,2017-06-21T19:15:16,65
2017-06-21T17:44:36.392+02,2017-06-22T04:45:54.617+02,2017-06-21,LBY01,LBY0101,LBY010102,Alblad,general_store,yes,yes,no,0.2,0.25,1.3,Bono,yes,yes,yes,NA,2.5,2.5,Alasad,yes,yes,yes,NA,1.0,1,Alsafwa,yes,yes,yes,NA,3.25,3.3,Elbaldi,yes,yes,no,400.0,1.25,1.6,Pasta mondo,yes,yes,yes,NA,3.75,3.8,Diari,yes,yes,no,0.4,1.0,2.5,Marwa,yes,yes,yes,NA,2.5,2.5,Alhadaiq,yes,yes,no,380.0,4.0,2.1,Coast,yes,yes,yes,NA,4.0,4,Judi,yes,yes,no,0.4,15.0,37.5,Myboy,yes,yes,yes,NA,6.25,6.3,Selal,yes,yes,yes,NA,15.0,15,Zahra,yes,yes,yes,NA,3.5,3.5,Marwa,yes,yes,no,75.0,2.0,5.3,Alshera,yes,yes,yes,NA,7.5,7.5,No brand,no,NA,NA,NA,NA,NA,NA,yes,no,NA,NA,NA,NA,NA,no,NA,NA,NA,NA,NA,no,NA,NA,NA,NA,NA,no,NA,NA,NA,NA,NA,no,NA,NA,NA,NA,NA,no,NA,NA,NA,NA,NA,yes,yes,yes,NA,1.5,1.5,Palmolive,yes,yes,no,0.65,5.5,8.5,Oxi,yes,yes,no,380.0,7.5,4.9,Palmolive,yes,yes,yes,NA,2.75,2.8,Rein,yes,yes,yes,NA,6.0,6,Signal,yes,yes,yes,NA,3.0,3,Miswak,yes,yes,yes,NA,3.0,3,Lilas,yes,yes,no,12,18.0,45,Nuno,vxVdqmGaBFivqequGLpMjg,10188445,32fd937f-a463-4756-8214-cad7115c4f65,2017-06-22T03:36:59,67
2017-06-21T18:14:25.326+02,2017-06-22T05:02:08.578+02,2017-06-21,LBY01,LBY0101,LBY010102,Sheiha,general_store,yes,yes,yes,NA,0.25,0.3,Bono,yes,yes,yes,NA,2.5,2.5,Alased,yes,yes,yes,NA,0.8,0.8,Alsafwa,yes,yes,no,20.0,56.0,2.8,No brand,yes,yes,yes,NA,1.25,1.3,Mondo,yes,yes,yes,NA,2.5,2.5,No brand,yes,yes,yes,NA,0.75,0.8,Marwa,yes,yes,yes,NA,2.5,2.5,Alarby,yes,yes,no,380.0,4.0,2.1,Coast,yes,yes,yes,NA,4.0,4,Judi,yes,yes,no,0.4,10.5,26.3,France lait,yes,yes,yes,NA,5.0,5,Alnjea,yes,yes,yes,NA,9.0,9,Zahra,yes,yes,yes,NA,3.0,3,Cristal,yes,yes,yes,NA,4.0,4,Alamir,yes,yes,yes,NA,8.0,8,No brand,no,NA,NA,NA,NA,NA,NA,no,NA,NA,NA,NA,NA,NA,yes,yes,no,6,1.0,0.8,yes,yes,yes,NA,1.5,1.5,yes,yes,yes,NA,3.5,3.5,yes,yes,yes,NA,4.0,4,yes,yes,yes,NA,3.0,3,yes,yes,yes,NA,1.0,1,Olive ecopack,yes,yes,no,0.65,5.0,7.7,Wash,yes,yes,no,600.0,10.0,4.2,Speed and strong,yes,yes,yes,NA,2.5,2.5,Rein,yes,yes,yes,NA,5.0,5,Crest,yes,yes,yes,NA,4.0,4,Primo,yes,yes,yes,NA,3.0,3,Lilas,yes,yes,no,15,22.0,44,Cozmo,vxVdqmGaBFivqequGLpMjg,10188446,73048d0d-c03e-4b90-a080-08a28f1a2eb2,2017-06-22T03:37:01,68
2017-06-21T18:26:20.670+02,2017-06-22T05:10:21.158+02,2017-06-21,LBY01,LBY0101,LBY010102,Sheiha,general_store,yes,yes,no,0.25,0.25,1,No brand,yes,yes,yes,NA,2.5,2.5,Alased,yes,yes,yes,NA,1.0,1,Alsafwa,yes,yes,yes,NA,3.5,3.5,Bladi,yes,yes,no,400.0,1.5,1.9,Mondo,yes,yes,yes,NA,3.5,3.5,Diari,yes,yes,no,0.4,1.0,2.5,Almarwa,yes,yes,yes,NA,4,4,Amricana,yes,yes,no,380.0,4.0,2.1,Judi,yes,yes,yes,NA,3.5,3.5,Grandlait,yes,yes,no,0.4,13.0,32.5,Myboy,yes,yes,yes,NA,6.5,6.5,Nabt,yes,yes,no,500.0,15.0,7.5,Alimtiaz,yes,yes,yes,NA,3.5,3.5,Almarwa,yes,yes,no,140.0,3.5,5,Noor,yes,yes,yes,NA,8.0,8,No brand,no,NA,NA,NA,NA,NA,NA,no,NA,NA,NA,NA,NA,NA,yes,yes,no,6,1.0,0.8,yes,yes,yes,NA,1.5,1.5,yes,yes,yes,NA,2.5,2.5,yes,yes,yes,NA,4.0,4,yes,yes,yes,NA,3.0,3,yes,yes,yes,NA,1.5,1.5,Palmolive,yes,yes,yes,NA,12.0,12,Oxi,yes,yes,no,500.0,6.0,3,Palmolive,yes,yes,yes,NA,2.5,2.5,Nassim,yes,yes,yes,NA,7.0,7,Signal,yes,yes,yes,NA,3.0,3,No brand,yes,yes,yes,NA,3.0,3,Lilas,yes,yes,no,12,18.0,45,Nuno,vxVdqmGaBFivqequGLpMjg,10188447,e5bdd965-44d5-4934-a975-6e80553fd4f8,2017-06-22T03:37:03,69
2017-06-21T18:37:27.702+02,2017-06-22T05:11:14.111+02,2017-06-21,LBY01,LBY0101,LBY010102,Alblad,central_market,NA,NA,NA,NA,NA,NA,NA,NA,NA,NA,NA,NA,NA,NA,NA,NA,NA,NA,NA,NA,NA,NA,NA,NA,NA,NA,NA,NA,NA,NA,NA,NA,NA,NA,NA,NA,NA,NA,NA,NA,NA,NA,NA,NA,NA,NA,NA,NA,NA,NA,NA,NA,NA,NA,NA,NA,NA,NA,NA,NA,NA,NA,NA,NA,NA,NA,NA,NA,NA,NA,NA,NA,NA,NA,NA,NA,NA,NA,NA,NA,NA,NA,NA,NA,NA,NA,NA,NA,NA,NA,NA,NA,NA,NA,NA,NA,NA,NA,NA,NA,NA,NA,NA,NA,NA,NA,NA,NA,NA,NA,NA,NA,yes,yes,no,0.8,10.0,12.5,No brand,yes,yes,yes,NA,22.0,22,Imported  meat,NA,NA,NA,NA,NA,NA,yes,yes,yes,NA,1.0,1,yes,yes,yes,NA,2.0,2,yes,yes,yes,NA,3.0,3,yes,yes,yes,NA,2.0,2,NA,NA,NA,NA,NA,NA,NA,NA,NA,NA,NA,NA,NA,NA,NA,NA,NA,NA,NA,NA,NA,NA,NA,NA,NA,NA,NA,NA,NA,NA,NA,NA,NA,NA,NA,NA,NA,NA,NA,NA,NA,NA,NA,NA,NA,NA,NA,NA,NA,NA,NA,NA,NA,NA,NA,NA,vxVdqmGaBFivqequGLpMjg,10188484,28332abe-6b83-477a-996a-4e7c0a25af1a,2017-06-22T03:38:37,70
2017-06-21T18:51:36.734+02,2017-06-22T05:14:38.658+02,2017-06-21,LBY01,LBY0101,LBY010102,Alblad,central_market,NA,NA,NA,NA,NA,NA,NA,NA,NA,NA,NA,NA,NA,NA,NA,NA,NA,NA,NA,NA,NA,NA,NA,NA,NA,NA,NA,NA,NA,NA,NA,NA,NA,NA,NA,NA,NA,NA,NA,NA,NA,NA,NA,NA,NA,NA,NA,NA,NA,NA,NA,NA,NA,NA,NA,NA,NA,NA,NA,NA,NA,NA,NA,NA,NA,NA,NA,NA,NA,NA,NA,NA,NA,NA,NA,NA,NA,NA,NA,NA,NA,NA,NA,NA,NA,NA,NA,NA,NA,NA,NA,NA,NA,NA,NA,NA,NA,NA,NA,NA,NA,NA,NA,NA,NA,NA,NA,NA,NA,NA,NA,NA,yes,yes,no,0.7,10.0,14.3,Fresh chicken,yes,yes,yes,NA,22.0,22,Imported meat,NA,NA,NA,NA,NA,NA,yes,yes,yes,NA,1.5,1.5,yes,yes,yes,NA,2.5,2.5,yes,yes,yes,NA,4.0,4,yes,yes,yes,NA,3.0,3,NA,NA,NA,NA,NA,NA,NA,NA,NA,NA,NA,NA,NA,NA,NA,NA,NA,NA,NA,NA,NA,NA,NA,NA,NA,NA,NA,NA,NA,NA,NA,NA,NA,NA,NA,NA,NA,NA,NA,NA,NA,NA,NA,NA,NA,NA,NA,NA,NA,NA,NA,NA,NA,NA,NA,NA,vxVdqmGaBFivqequGLpMjg,10188497,a223f973-1931-4b2d-a053-b749126febab,2017-06-22T03:40:07,71
2017-06-21T23:19:58.121+02,2017-06-22T05:20:50.122+02,2017-06-21,LBY01,LBY0101,LBY010102,Alblad,general_store,yes,yes,no,0.15,0.25,1.7,No brand,yes,yes,yes,NA,2.5,2.5,Cristal,yes,yes,yes,NA,2.5,2.5,Alsafwa,yes,yes,yes,NA,2.5,2.5,Ab bent,yes,yes,no,380.0,1.5,2,Campegna,yes,yes,yes,NA,3.5,3.5,Diari,yes,yes,no,0.4,1.0,2.5,Almarwa,yes,yes,yes,NA,2.0,2,Hadeiqa,yes,yes,no,360.0,4.0,2.2,Milkcow,yes,yes,yes,NA,2.0,2,Idles,yes,yes,no,0.4,11.0,27.5,Swis lac,yes,yes,yes,NA,5.5,5.5,Zahra,yes,yes,yes,NA,8.0,8,Zahra,yes,yes,yes,NA,3.0,3,Alraqi,yes,yes,no,180.0,4.0,4.4,Alshira,yes,yes,yes,NA,7.0,7,No brand,yes,yes,no,1.4,15.0,10.7,Sadia,yes,yes,no,0.4,14.0,35,No brand,yes,yes,no,6,1.0,0.8,yes,yes,yes,NA,1.5,1.5,yes,yes,yes,NA,2.5,2.5,yes,yes,yes,NA,3.0,3,yes,yes,yes,NA,3.0,3,yes,yes,yes,NA,1.0,1,Lifeboy,yes,yes,no,0.12,0.75,6.3,Wash,yes,yes,no,500.0,4.0,2,Happy,yes,yes,yes,NA,2.0,2,Al nassim,yes,yes,yes,NA,5.0,5,Miswak,yes,yes,yes,NA,2.0,2,Good morning,yes,yes,yes,NA,2.0,2,Lucky lady,yes,yes,no,28,40.0,42.9,Lucky beby,vxVdqmGaBFivqequGLpMjg,10188546,e2ba8dc8-aa60-412c-9804-dc1ec8a02c1f,2017-06-22T03:41:52,72
2017-06-21T23:37:05.004+02,2017-06-22T05:21:04.514+02,2017-06-21,LBY01,LBY0101,LBY010102,Alblad,bakery,NA,NA,NA,NA,NA,NA,NA,NA,NA,NA,NA,NA,NA,NA,no,NA,NA,NA,NA,NA,NA,NA,NA,NA,NA,NA,NA,NA,NA,NA,NA,NA,NA,NA,NA,NA,NA,NA,NA,NA,NA,NA,NA,NA,NA,NA,NA,NA,NA,NA,NA,NA,NA,NA,NA,NA,NA,NA,NA,NA,NA,NA,NA,NA,NA,NA,NA,NA,NA,NA,NA,NA,NA,NA,NA,NA,NA,NA,NA,NA,NA,NA,NA,NA,NA,NA,NA,NA,NA,NA,NA,NA,NA,NA,NA,NA,NA,NA,NA,NA,NA,NA,NA,NA,NA,NA,NA,NA,NA,NA,NA,NA,NA,NA,NA,NA,NA,NA,NA,NA,NA,NA,NA,NA,NA,NA,yes,yes,yes,NA,0.5,0.5,NA,NA,NA,NA,NA,NA,NA,NA,NA,NA,NA,NA,NA,NA,NA,NA,NA,NA,NA,NA,NA,NA,NA,NA,NA,NA,NA,NA,NA,NA,NA,NA,NA,NA,NA,NA,NA,NA,NA,NA,NA,NA,NA,NA,NA,NA,NA,NA,NA,NA,NA,NA,NA,NA,NA,NA,NA,NA,NA,NA,NA,NA,NA,NA,NA,NA,NA,NA,NA,NA,NA,NA,NA,NA,NA,NA,NA,NA,NA,NA,vxVdqmGaBFivqequGLpMjg,10188547,cfc8d448-a5ad-4756-8d72-ed45cc7aea20,2017-06-22T03:41:56,73
2017-06-21T23:49:07.785+02,2017-06-22T05:23:24.666+02,2017-06-21,LBY01,LBY0101,LBY010102,Elsaheil,general_store,yes,yes,no,0.2,0.25,1.3,No brand,yes,yes,no,5.0,13.5,2.7,No brand,yes,yes,no,5.0,5.0,1,No brand,yes,yes,no,5.0,13.5,2.7,No brand,yes,yes,no,400.0,1.5,1.9,Warda,yes,yes,yes,NA,3.0,3,Dairi,yes,yes,no,0.4,1.0,2.5,Almarwa,yes,yes,yes,NA,2.5,2.5,Hadeiqa,yes,yes,no,380.0,4.0,2.1,Judi,yes,yes,yes,NA,4.0,4,Judi,yes,yes,no,0.4,12.0,30,Ninolac,yes,yes,yes,NA,6.0,6,Nabt,yes,yes,yes,NA,7.5,7.5,Zahra,yes,yes,yes,NA,3.5,3.5,Massoda,yes,yes,yes,NA,4.0,4,Amir,yes,yes,yes,NA,7.5,7.5,No brand,no,NA,NA,NA,NA,NA,NA,no,NA,NA,NA,NA,NA,NA,no,NA,NA,NA,NA,NA,no,NA,NA,NA,NA,NA,no,NA,NA,NA,NA,NA,no,NA,NA,NA,NA,NA,no,NA,NA,NA,NA,NA,yes,yes,yes,NA,1.0,1,No brand,yes,yes,no,0.12,1.0,8.3,Oxi,yes,yes,no,500.0,5.0,2.5,La toja,yes,yes,yes,NA,3.0,3,Rein,yes,yes,yes,NA,3.0,3,Signal,yes,yes,yes,NA,3.0,3,Signal,yes,yes,no,12,4.0,3.3,Every day,yes,yes,no,22,30.0,40.9,Conbebe,vxVdqmGaBFivqequGLpMjg,10188548,2c7aeec1-0733-4ec0-98b8-fc2a4dbe6a73,2017-06-22T03:41:57,74
2017-06-21T23:56:03.528+02,2017-06-22T05:23:38.705+02,2017-06-21,LBY01,LBY0101,LBY010102,Elsahil,bakery,NA,NA,NA,NA,NA,NA,NA,NA,NA,NA,NA,NA,NA,NA,yes,yes,no,50.0,40.0,0.8,No brand,NA,NA,NA,NA,NA,NA,NA,NA,NA,NA,NA,NA,NA,NA,NA,NA,NA,NA,NA,NA,NA,NA,NA,NA,NA,NA,NA,NA,NA,NA,NA,NA,NA,NA,NA,NA,NA,NA,NA,NA,NA,NA,NA,NA,NA,NA,NA,NA,NA,NA,NA,NA,NA,NA,NA,NA,NA,NA,NA,NA,NA,NA,NA,NA,NA,NA,NA,NA,NA,NA,NA,NA,NA,NA,NA,NA,NA,NA,NA,NA,NA,NA,NA,NA,NA,NA,NA,NA,NA,NA,NA,NA,NA,NA,NA,NA,NA,NA,NA,NA,NA,NA,NA,NA,NA,yes,yes,no,8,1.0,0.6,NA,NA,NA,NA,NA,NA,NA,NA,NA,NA,NA,NA,NA,NA,NA,NA,NA,NA,NA,NA,NA,NA,NA,NA,NA,NA,NA,NA,NA,NA,NA,NA,NA,NA,NA,NA,NA,NA,NA,NA,NA,NA,NA,NA,NA,NA,NA,NA,NA,NA,NA,NA,NA,NA,NA,NA,NA,NA,NA,NA,NA,NA,NA,NA,NA,NA,NA,NA,NA,NA,NA,NA,NA,NA,NA,NA,NA,NA,NA,NA,vxVdqmGaBFivqequGLpMjg,10188549,56a2ffcb-20b7-487b-bbf0-cbd4a669ff0a,2017-06-22T03:41:58,75
2017-06-22T00:07:52.981+02,2017-06-22T05:23:51.858+02,2017-06-22,LBY01,LBY0101,LBY010102,Bab Tobruq,bakery,NA,NA,NA,NA,NA,NA,NA,NA,NA,NA,NA,NA,NA,NA,no,NA,NA,NA,NA,NA,NA,NA,NA,NA,NA,NA,NA,NA,NA,NA,NA,NA,NA,NA,NA,NA,NA,NA,NA,NA,NA,NA,NA,NA,NA,NA,NA,NA,NA,NA,NA,NA,NA,NA,NA,NA,NA,NA,NA,NA,NA,NA,NA,NA,NA,NA,NA,NA,NA,NA,NA,NA,NA,NA,NA,NA,NA,NA,NA,NA,NA,NA,NA,NA,NA,NA,NA,NA,NA,NA,NA,NA,NA,NA,NA,NA,NA,NA,NA,NA,NA,NA,NA,NA,NA,NA,NA,NA,NA,NA,NA,NA,NA,NA,NA,NA,NA,NA,NA,NA,NA,NA,NA,NA,NA,NA,yes,yes,yes,NA,0.5,0.5,NA,NA,NA,NA,NA,NA,NA,NA,NA,NA,NA,NA,NA,NA,NA,NA,NA,NA,NA,NA,NA,NA,NA,NA,NA,NA,NA,NA,NA,NA,NA,NA,NA,NA,NA,NA,NA,NA,NA,NA,NA,NA,NA,NA,NA,NA,NA,NA,NA,NA,NA,NA,NA,NA,NA,NA,NA,NA,NA,NA,NA,NA,NA,NA,NA,NA,NA,NA,NA,NA,NA,NA,NA,NA,NA,NA,NA,NA,NA,NA,vxVdqmGaBFivqequGLpMjg,10188550,5ff1a20a-c2e9-462c-b2c7-e256944efea8,2017-06-22T03:41:59,76
2017-06-22T00:10:54.831+02,2017-06-22T05:24:03.685+02,2017-06-22,LBY01,LBY0101,LBY010102,Sheiha,bakery,NA,NA,NA,NA,NA,NA,NA,NA,NA,NA,NA,NA,NA,NA,no,NA,NA,NA,NA,NA,NA,NA,NA,NA,NA,NA,NA,NA,NA,NA,NA,NA,NA,NA,NA,NA,NA,NA,NA,NA,NA,NA,NA,NA,NA,NA,NA,NA,NA,NA,NA,NA,NA,NA,NA,NA,NA,NA,NA,NA,NA,NA,NA,NA,NA,NA,NA,NA,NA,NA,NA,NA,NA,NA,NA,NA,NA,NA,NA,NA,NA,NA,NA,NA,NA,NA,NA,NA,NA,NA,NA,NA,NA,NA,NA,NA,NA,NA,NA,NA,NA,NA,NA,NA,NA,NA,NA,NA,NA,NA,NA,NA,NA,NA,NA,NA,NA,NA,NA,NA,NA,NA,NA,NA,NA,NA,yes,yes,no,8,1.0,0.6,NA,NA,NA,NA,NA,NA,NA,NA,NA,NA,NA,NA,NA,NA,NA,NA,NA,NA,NA,NA,NA,NA,NA,NA,NA,NA,NA,NA,NA,NA,NA,NA,NA,NA,NA,NA,NA,NA,NA,NA,NA,NA,NA,NA,NA,NA,NA,NA,NA,NA,NA,NA,NA,NA,NA,NA,NA,NA,NA,NA,NA,NA,NA,NA,NA,NA,NA,NA,NA,NA,NA,NA,NA,NA,NA,NA,NA,NA,NA,NA,vxVdqmGaBFivqequGLpMjg,10188551,a223ffd7-7c82-4c14-aee0-5edb8df0252a,2017-06-22T03:42:00,77
